WARNING - 2025-05-15 06:09:01 --> [DEPRECATED] Creation of dynamic property App\Controllers\StudentSearchController::$StudentAdmissionModel is deprecated in APPPATH\Controllers\StudentSearchController.php on line 15.
 1 SYSTEMPATH\CodeIgniter.php(903): App\Controllers\StudentSearchController->__construct()
 2 SYSTEMPATH\CodeIgniter.php(498): CodeIgniter\CodeIgniter->createController()
 3 SYSTEMPATH\CodeIgniter.php(354): CodeIgniter\CodeIgniter->handleRequest(null, Object(Config\Cache), false)
 4 SYSTEMPATH\Boot.php(334): CodeIgniter\CodeIgniter->run()
 5 SYSTEMPATH\Boot.php(67): CodeIgniter\Boot::runCodeIgniter(Object(CodeIgniter\CodeIgniter))
 6 FCPATH\index.php(56): CodeIgniter\Boot::bootWeb(Object(Config\Paths))
WARNING - 2025-05-15 06:09:01 --> [DEPRECATED] Creation of dynamic property App\Controllers\StudentSearchController::$ClassModel is deprecated in APPPATH\Controllers\StudentSearchController.php on line 16.
 1 SYSTEMPATH\CodeIgniter.php(903): App\Controllers\StudentSearchController->__construct()
 2 SYSTEMPATH\CodeIgniter.php(498): CodeIgniter\CodeIgniter->createController()
 3 SYSTEMPATH\CodeIgniter.php(354): CodeIgniter\CodeIgniter->handleRequest(null, Object(Config\Cache), false)
 4 SYSTEMPATH\Boot.php(334): CodeIgniter\CodeIgniter->run()
 5 SYSTEMPATH\Boot.php(67): CodeIgniter\Boot::runCodeIgniter(Object(CodeIgniter\CodeIgniter))
 6 FCPATH\index.php(56): CodeIgniter\Boot::bootWeb(Object(Config\Paths))
CRITICAL - 2025-05-15 06:09:02 --> ErrorException: Undefined variable $all_class
[Method: GET, Route: student_search]
in APPPATH\Views\admin\student_search.php on line 16.
 1 APPPATH\Views\admin\student_search.php(16): CodeIgniter\Debug\Exceptions->errorHandler(2, 'Undefined variable $all_class', 'D:\\forphp\\school_manage-master\\app\\Views\\admin\\student_search.php', 16)
 2 SYSTEMPATH\View\View.php(224): include('D:\\forphp\\school_manage-master\\app\\Views\\admin\\student_search.php')
 3 SYSTEMPATH\View\View.php(227): CodeIgniter\View\View->CodeIgniter\View\{closure}()
 4 SYSTEMPATH\Common.php(1173): CodeIgniter\View\View->render('admin/student_search', [], true)
 5 APPPATH\Libraries\Template.php(17): view('admin/student_search', [])
 6 APPPATH\Controllers\StudentSearchController.php(22): App\Libraries\Template->admin_panel('student_search')
 7 SYSTEMPATH\CodeIgniter.php(933): App\Controllers\StudentSearchController->student_search()
 8 SYSTEMPATH\CodeIgniter.php(507): CodeIgniter\CodeIgniter->runController(Object(App\Controllers\StudentSearchController))
 9 SYSTEMPATH\CodeIgniter.php(354): CodeIgniter\CodeIgniter->handleRequest(null, Object(Config\Cache), false)
10 SYSTEMPATH\Boot.php(334): CodeIgniter\CodeIgniter->run()
11 SYSTEMPATH\Boot.php(67): CodeIgniter\Boot::runCodeIgniter(Object(CodeIgniter\CodeIgniter))
12 FCPATH\index.php(56): CodeIgniter\Boot::bootWeb(Object(Config\Paths))
WARNING - 2025-05-15 06:09:06 --> [DEPRECATED] Creation of dynamic property App\Controllers\StudentSearchController::$StudentAdmissionModel is deprecated in APPPATH\Controllers\StudentSearchController.php on line 15.
 1 SYSTEMPATH\CodeIgniter.php(903): App\Controllers\StudentSearchController->__construct()
 2 SYSTEMPATH\CodeIgniter.php(498): CodeIgniter\CodeIgniter->createController()
 3 SYSTEMPATH\CodeIgniter.php(354): CodeIgniter\CodeIgniter->handleRequest(null, Object(Config\Cache), false)
 4 SYSTEMPATH\Boot.php(334): CodeIgniter\CodeIgniter->run()
 5 SYSTEMPATH\Boot.php(67): CodeIgniter\Boot::runCodeIgniter(Object(CodeIgniter\CodeIgniter))
 6 FCPATH\index.php(56): CodeIgniter\Boot::bootWeb(Object(Config\Paths))
WARNING - 2025-05-15 06:09:06 --> [DEPRECATED] Creation of dynamic property App\Controllers\StudentSearchController::$ClassModel is deprecated in APPPATH\Controllers\StudentSearchController.php on line 16.
 1 SYSTEMPATH\CodeIgniter.php(903): App\Controllers\StudentSearchController->__construct()
 2 SYSTEMPATH\CodeIgniter.php(498): CodeIgniter\CodeIgniter->createController()
 3 SYSTEMPATH\CodeIgniter.php(354): CodeIgniter\CodeIgniter->handleRequest(null, Object(Config\Cache), false)
 4 SYSTEMPATH\Boot.php(334): CodeIgniter\CodeIgniter->run()
 5 SYSTEMPATH\Boot.php(67): CodeIgniter\Boot::runCodeIgniter(Object(CodeIgniter\CodeIgniter))
 6 FCPATH\index.php(56): CodeIgniter\Boot::bootWeb(Object(Config\Paths))
CRITICAL - 2025-05-15 06:09:06 --> ErrorException: Undefined variable $all_class
[Method: GET, Route: student_search]
in APPPATH\Views\admin\student_search.php on line 16.
 1 APPPATH\Views\admin\student_search.php(16): CodeIgniter\Debug\Exceptions->errorHandler(2, 'Undefined variable $all_class', 'D:\\forphp\\school_manage-master\\app\\Views\\admin\\student_search.php', 16)
 2 SYSTEMPATH\View\View.php(224): include('D:\\forphp\\school_manage-master\\app\\Views\\admin\\student_search.php')
 3 SYSTEMPATH\View\View.php(227): CodeIgniter\View\View->CodeIgniter\View\{closure}()
 4 SYSTEMPATH\Common.php(1173): CodeIgniter\View\View->render('admin/student_search', [], true)
 5 APPPATH\Libraries\Template.php(17): view('admin/student_search', [])
 6 APPPATH\Controllers\StudentSearchController.php(22): App\Libraries\Template->admin_panel('student_search')
 7 SYSTEMPATH\CodeIgniter.php(933): App\Controllers\StudentSearchController->student_search()
 8 SYSTEMPATH\CodeIgniter.php(507): CodeIgniter\CodeIgniter->runController(Object(App\Controllers\StudentSearchController))
 9 SYSTEMPATH\CodeIgniter.php(354): CodeIgniter\CodeIgniter->handleRequest(null, Object(Config\Cache), false)
10 SYSTEMPATH\Boot.php(334): CodeIgniter\CodeIgniter->run()
11 SYSTEMPATH\Boot.php(67): CodeIgniter\Boot::runCodeIgniter(Object(CodeIgniter\CodeIgniter))
12 FCPATH\index.php(56): CodeIgniter\Boot::bootWeb(Object(Config\Paths))
WARNING - 2025-05-15 06:09:20 --> [DEPRECATED] Creation of dynamic property App\Controllers\StudentSearchController::$StudentAdmissionModel is deprecated in APPPATH\Controllers\StudentSearchController.php on line 15.
 1 SYSTEMPATH\CodeIgniter.php(903): App\Controllers\StudentSearchController->__construct()
 2 SYSTEMPATH\CodeIgniter.php(498): CodeIgniter\CodeIgniter->createController()
 3 SYSTEMPATH\CodeIgniter.php(354): CodeIgniter\CodeIgniter->handleRequest(null, Object(Config\Cache), false)
 4 SYSTEMPATH\Boot.php(334): CodeIgniter\CodeIgniter->run()
 5 SYSTEMPATH\Boot.php(67): CodeIgniter\Boot::runCodeIgniter(Object(CodeIgniter\CodeIgniter))
 6 FCPATH\index.php(56): CodeIgniter\Boot::bootWeb(Object(Config\Paths))
WARNING - 2025-05-15 06:09:20 --> [DEPRECATED] Creation of dynamic property App\Controllers\StudentSearchController::$ClassModel is deprecated in APPPATH\Controllers\StudentSearchController.php on line 16.
 1 SYSTEMPATH\CodeIgniter.php(903): App\Controllers\StudentSearchController->__construct()
 2 SYSTEMPATH\CodeIgniter.php(498): CodeIgniter\CodeIgniter->createController()
 3 SYSTEMPATH\CodeIgniter.php(354): CodeIgniter\CodeIgniter->handleRequest(null, Object(Config\Cache), false)
 4 SYSTEMPATH\Boot.php(334): CodeIgniter\CodeIgniter->run()
 5 SYSTEMPATH\Boot.php(67): CodeIgniter\Boot::runCodeIgniter(Object(CodeIgniter\CodeIgniter))
 6 FCPATH\index.php(56): CodeIgniter\Boot::bootWeb(Object(Config\Paths))
WARNING - 2025-05-15 10:41:09 --> [DEPRECATED] Creation of dynamic property App\Controllers\StudentSearchController::$StudentAdmissionModel is deprecated in APPPATH\Controllers\StudentSearchController.php on line 15.
 1 SYSTEMPATH\CodeIgniter.php(903): App\Controllers\StudentSearchController->__construct()
 2 SYSTEMPATH\CodeIgniter.php(498): CodeIgniter\CodeIgniter->createController()
 3 SYSTEMPATH\CodeIgniter.php(354): CodeIgniter\CodeIgniter->handleRequest(null, Object(Config\Cache), false)
 4 SYSTEMPATH\Boot.php(334): CodeIgniter\CodeIgniter->run()
 5 SYSTEMPATH\Boot.php(67): CodeIgniter\Boot::runCodeIgniter(Object(CodeIgniter\CodeIgniter))
 6 FCPATH\index.php(56): CodeIgniter\Boot::bootWeb(Object(Config\Paths))
WARNING - 2025-05-15 10:41:09 --> [DEPRECATED] Creation of dynamic property App\Controllers\StudentSearchController::$ClassModel is deprecated in APPPATH\Controllers\StudentSearchController.php on line 16.
 1 SYSTEMPATH\CodeIgniter.php(903): App\Controllers\StudentSearchController->__construct()
 2 SYSTEMPATH\CodeIgniter.php(498): CodeIgniter\CodeIgniter->createController()
 3 SYSTEMPATH\CodeIgniter.php(354): CodeIgniter\CodeIgniter->handleRequest(null, Object(Config\Cache), false)
 4 SYSTEMPATH\Boot.php(334): CodeIgniter\CodeIgniter->run()
 5 SYSTEMPATH\Boot.php(67): CodeIgniter\Boot::runCodeIgniter(Object(CodeIgniter\CodeIgniter))
 6 FCPATH\index.php(56): CodeIgniter\Boot::bootWeb(Object(Config\Paths))
WARNING - 2025-05-15 10:56:26 --> [DEPRECATED] Creation of dynamic property App\Controllers\StudentSearchController::$StudentAdmissionModel is deprecated in APPPATH\Controllers\StudentSearchController.php on line 15.
 1 SYSTEMPATH\CodeIgniter.php(903): App\Controllers\StudentSearchController->__construct()
 2 SYSTEMPATH\CodeIgniter.php(498): CodeIgniter\CodeIgniter->createController()
 3 SYSTEMPATH\CodeIgniter.php(354): CodeIgniter\CodeIgniter->handleRequest(null, Object(Config\Cache), false)
 4 SYSTEMPATH\Boot.php(334): CodeIgniter\CodeIgniter->run()
 5 SYSTEMPATH\Boot.php(67): CodeIgniter\Boot::runCodeIgniter(Object(CodeIgniter\CodeIgniter))
 6 FCPATH\index.php(56): CodeIgniter\Boot::bootWeb(Object(Config\Paths))
WARNING - 2025-05-15 10:56:26 --> [DEPRECATED] Creation of dynamic property App\Controllers\StudentSearchController::$ClassModel is deprecated in APPPATH\Controllers\StudentSearchController.php on line 16.
 1 SYSTEMPATH\CodeIgniter.php(903): App\Controllers\StudentSearchController->__construct()
 2 SYSTEMPATH\CodeIgniter.php(498): CodeIgniter\CodeIgniter->createController()
 3 SYSTEMPATH\CodeIgniter.php(354): CodeIgniter\CodeIgniter->handleRequest(null, Object(Config\Cache), false)
 4 SYSTEMPATH\Boot.php(334): CodeIgniter\CodeIgniter->run()
 5 SYSTEMPATH\Boot.php(67): CodeIgniter\Boot::runCodeIgniter(Object(CodeIgniter\CodeIgniter))
 6 FCPATH\index.php(56): CodeIgniter\Boot::bootWeb(Object(Config\Paths))
WARNING - 2025-05-15 11:02:33 --> [DEPRECATED] Creation of dynamic property App\Controllers\StudentSearchController::$StudentAdmissionModel is deprecated in APPPATH\Controllers\StudentSearchController.php on line 15.
 1 SYSTEMPATH\CodeIgniter.php(903): App\Controllers\StudentSearchController->__construct()
 2 SYSTEMPATH\CodeIgniter.php(498): CodeIgniter\CodeIgniter->createController()
 3 SYSTEMPATH\CodeIgniter.php(354): CodeIgniter\CodeIgniter->handleRequest(null, Object(Config\Cache), false)
 4 SYSTEMPATH\Boot.php(334): CodeIgniter\CodeIgniter->run()
 5 SYSTEMPATH\Boot.php(67): CodeIgniter\Boot::runCodeIgniter(Object(CodeIgniter\CodeIgniter))
 6 FCPATH\index.php(56): CodeIgniter\Boot::bootWeb(Object(Config\Paths))
WARNING - 2025-05-15 11:02:33 --> [DEPRECATED] Creation of dynamic property App\Controllers\StudentSearchController::$ClassModel is deprecated in APPPATH\Controllers\StudentSearchController.php on line 16.
 1 SYSTEMPATH\CodeIgniter.php(903): App\Controllers\StudentSearchController->__construct()
 2 SYSTEMPATH\CodeIgniter.php(498): CodeIgniter\CodeIgniter->createController()
 3 SYSTEMPATH\CodeIgniter.php(354): CodeIgniter\CodeIgniter->handleRequest(null, Object(Config\Cache), false)
 4 SYSTEMPATH\Boot.php(334): CodeIgniter\CodeIgniter->run()
 5 SYSTEMPATH\Boot.php(67): CodeIgniter\Boot::runCodeIgniter(Object(CodeIgniter\CodeIgniter))
 6 FCPATH\index.php(56): CodeIgniter\Boot::bootWeb(Object(Config\Paths))
WARNING - 2025-05-15 11:05:30 --> [DEPRECATED] Creation of dynamic property App\Controllers\StudentSearchController::$StudentAdmissionModel is deprecated in APPPATH\Controllers\StudentSearchController.php on line 15.
 1 SYSTEMPATH\CodeIgniter.php(903): App\Controllers\StudentSearchController->__construct()
 2 SYSTEMPATH\CodeIgniter.php(498): CodeIgniter\CodeIgniter->createController()
 3 SYSTEMPATH\CodeIgniter.php(354): CodeIgniter\CodeIgniter->handleRequest(null, Object(Config\Cache), false)
 4 SYSTEMPATH\Boot.php(334): CodeIgniter\CodeIgniter->run()
 5 SYSTEMPATH\Boot.php(67): CodeIgniter\Boot::runCodeIgniter(Object(CodeIgniter\CodeIgniter))
 6 FCPATH\index.php(56): CodeIgniter\Boot::bootWeb(Object(Config\Paths))
WARNING - 2025-05-15 11:05:30 --> [DEPRECATED] Creation of dynamic property App\Controllers\StudentSearchController::$ClassModel is deprecated in APPPATH\Controllers\StudentSearchController.php on line 16.
 1 SYSTEMPATH\CodeIgniter.php(903): App\Controllers\StudentSearchController->__construct()
 2 SYSTEMPATH\CodeIgniter.php(498): CodeIgniter\CodeIgniter->createController()
 3 SYSTEMPATH\CodeIgniter.php(354): CodeIgniter\CodeIgniter->handleRequest(null, Object(Config\Cache), false)
 4 SYSTEMPATH\Boot.php(334): CodeIgniter\CodeIgniter->run()
 5 SYSTEMPATH\Boot.php(67): CodeIgniter\Boot::runCodeIgniter(Object(CodeIgniter\CodeIgniter))
 6 FCPATH\index.php(56): CodeIgniter\Boot::bootWeb(Object(Config\Paths))
WARNING - 2025-05-15 11:05:42 --> [DEPRECATED] Creation of dynamic property App\Controllers\StudentSearchController::$StudentAdmissionModel is deprecated in APPPATH\Controllers\StudentSearchController.php on line 15.
 1 SYSTEMPATH\CodeIgniter.php(903): App\Controllers\StudentSearchController->__construct()
 2 SYSTEMPATH\CodeIgniter.php(498): CodeIgniter\CodeIgniter->createController()
 3 SYSTEMPATH\CodeIgniter.php(354): CodeIgniter\CodeIgniter->handleRequest(null, Object(Config\Cache), false)
 4 SYSTEMPATH\Boot.php(334): CodeIgniter\CodeIgniter->run()
 5 SYSTEMPATH\Boot.php(67): CodeIgniter\Boot::runCodeIgniter(Object(CodeIgniter\CodeIgniter))
 6 FCPATH\index.php(56): CodeIgniter\Boot::bootWeb(Object(Config\Paths))
WARNING - 2025-05-15 11:05:42 --> [DEPRECATED] Creation of dynamic property App\Controllers\StudentSearchController::$ClassModel is deprecated in APPPATH\Controllers\StudentSearchController.php on line 16.
 1 SYSTEMPATH\CodeIgniter.php(903): App\Controllers\StudentSearchController->__construct()
 2 SYSTEMPATH\CodeIgniter.php(498): CodeIgniter\CodeIgniter->createController()
 3 SYSTEMPATH\CodeIgniter.php(354): CodeIgniter\CodeIgniter->handleRequest(null, Object(Config\Cache), false)
 4 SYSTEMPATH\Boot.php(334): CodeIgniter\CodeIgniter->run()
 5 SYSTEMPATH\Boot.php(67): CodeIgniter\Boot::runCodeIgniter(Object(CodeIgniter\CodeIgniter))
 6 FCPATH\index.php(56): CodeIgniter\Boot::bootWeb(Object(Config\Paths))
WARNING - 2025-05-15 11:06:19 --> [DEPRECATED] Creation of dynamic property App\Controllers\StudentSearchController::$StudentAdmissionModel is deprecated in APPPATH\Controllers\StudentSearchController.php on line 15.
 1 SYSTEMPATH\CodeIgniter.php(903): App\Controllers\StudentSearchController->__construct()
 2 SYSTEMPATH\CodeIgniter.php(498): CodeIgniter\CodeIgniter->createController()
 3 SYSTEMPATH\CodeIgniter.php(354): CodeIgniter\CodeIgniter->handleRequest(null, Object(Config\Cache), false)
 4 SYSTEMPATH\Boot.php(334): CodeIgniter\CodeIgniter->run()
 5 SYSTEMPATH\Boot.php(67): CodeIgniter\Boot::runCodeIgniter(Object(CodeIgniter\CodeIgniter))
 6 FCPATH\index.php(56): CodeIgniter\Boot::bootWeb(Object(Config\Paths))
WARNING - 2025-05-15 11:06:19 --> [DEPRECATED] Creation of dynamic property App\Controllers\StudentSearchController::$ClassModel is deprecated in APPPATH\Controllers\StudentSearchController.php on line 16.
 1 SYSTEMPATH\CodeIgniter.php(903): App\Controllers\StudentSearchController->__construct()
 2 SYSTEMPATH\CodeIgniter.php(498): CodeIgniter\CodeIgniter->createController()
 3 SYSTEMPATH\CodeIgniter.php(354): CodeIgniter\CodeIgniter->handleRequest(null, Object(Config\Cache), false)
 4 SYSTEMPATH\Boot.php(334): CodeIgniter\CodeIgniter->run()
 5 SYSTEMPATH\Boot.php(67): CodeIgniter\Boot::runCodeIgniter(Object(CodeIgniter\CodeIgniter))
 6 FCPATH\index.php(56): CodeIgniter\Boot::bootWeb(Object(Config\Paths))
WARNING - 2025-05-15 11:07:01 --> [DEPRECATED] Creation of dynamic property App\Controllers\StudentSearchController::$StudentAdmissionModel is deprecated in APPPATH\Controllers\StudentSearchController.php on line 15.
 1 SYSTEMPATH\CodeIgniter.php(903): App\Controllers\StudentSearchController->__construct()
 2 SYSTEMPATH\CodeIgniter.php(498): CodeIgniter\CodeIgniter->createController()
 3 SYSTEMPATH\CodeIgniter.php(354): CodeIgniter\CodeIgniter->handleRequest(null, Object(Config\Cache), false)
 4 SYSTEMPATH\Boot.php(334): CodeIgniter\CodeIgniter->run()
 5 SYSTEMPATH\Boot.php(67): CodeIgniter\Boot::runCodeIgniter(Object(CodeIgniter\CodeIgniter))
 6 FCPATH\index.php(56): CodeIgniter\Boot::bootWeb(Object(Config\Paths))
WARNING - 2025-05-15 11:07:01 --> [DEPRECATED] Creation of dynamic property App\Controllers\StudentSearchController::$ClassModel is deprecated in APPPATH\Controllers\StudentSearchController.php on line 16.
 1 SYSTEMPATH\CodeIgniter.php(903): App\Controllers\StudentSearchController->__construct()
 2 SYSTEMPATH\CodeIgniter.php(498): CodeIgniter\CodeIgniter->createController()
 3 SYSTEMPATH\CodeIgniter.php(354): CodeIgniter\CodeIgniter->handleRequest(null, Object(Config\Cache), false)
 4 SYSTEMPATH\Boot.php(334): CodeIgniter\CodeIgniter->run()
 5 SYSTEMPATH\Boot.php(67): CodeIgniter\Boot::runCodeIgniter(Object(CodeIgniter\CodeIgniter))
 6 FCPATH\index.php(56): CodeIgniter\Boot::bootWeb(Object(Config\Paths))
WARNING - 2025-05-15 11:07:14 --> [DEPRECATED] Creation of dynamic property App\Controllers\StudentSearchController::$StudentAdmissionModel is deprecated in APPPATH\Controllers\StudentSearchController.php on line 15.
 1 SYSTEMPATH\CodeIgniter.php(903): App\Controllers\StudentSearchController->__construct()
 2 SYSTEMPATH\CodeIgniter.php(498): CodeIgniter\CodeIgniter->createController()
 3 SYSTEMPATH\CodeIgniter.php(354): CodeIgniter\CodeIgniter->handleRequest(null, Object(Config\Cache), false)
 4 SYSTEMPATH\Boot.php(334): CodeIgniter\CodeIgniter->run()
 5 SYSTEMPATH\Boot.php(67): CodeIgniter\Boot::runCodeIgniter(Object(CodeIgniter\CodeIgniter))
 6 FCPATH\index.php(56): CodeIgniter\Boot::bootWeb(Object(Config\Paths))
WARNING - 2025-05-15 11:07:14 --> [DEPRECATED] Creation of dynamic property App\Controllers\StudentSearchController::$ClassModel is deprecated in APPPATH\Controllers\StudentSearchController.php on line 16.
 1 SYSTEMPATH\CodeIgniter.php(903): App\Controllers\StudentSearchController->__construct()
 2 SYSTEMPATH\CodeIgniter.php(498): CodeIgniter\CodeIgniter->createController()
 3 SYSTEMPATH\CodeIgniter.php(354): CodeIgniter\CodeIgniter->handleRequest(null, Object(Config\Cache), false)
 4 SYSTEMPATH\Boot.php(334): CodeIgniter\CodeIgniter->run()
 5 SYSTEMPATH\Boot.php(67): CodeIgniter\Boot::runCodeIgniter(Object(CodeIgniter\CodeIgniter))
 6 FCPATH\index.php(56): CodeIgniter\Boot::bootWeb(Object(Config\Paths))
WARNING - 2025-05-15 11:07:21 --> [DEPRECATED] Creation of dynamic property App\Controllers\StudentSearchController::$StudentAdmissionModel is deprecated in APPPATH\Controllers\StudentSearchController.php on line 15.
 1 SYSTEMPATH\CodeIgniter.php(903): App\Controllers\StudentSearchController->__construct()
 2 SYSTEMPATH\CodeIgniter.php(498): CodeIgniter\CodeIgniter->createController()
 3 SYSTEMPATH\CodeIgniter.php(354): CodeIgniter\CodeIgniter->handleRequest(null, Object(Config\Cache), false)
 4 SYSTEMPATH\Boot.php(334): CodeIgniter\CodeIgniter->run()
 5 SYSTEMPATH\Boot.php(67): CodeIgniter\Boot::runCodeIgniter(Object(CodeIgniter\CodeIgniter))
 6 FCPATH\index.php(56): CodeIgniter\Boot::bootWeb(Object(Config\Paths))
WARNING - 2025-05-15 11:07:21 --> [DEPRECATED] Creation of dynamic property App\Controllers\StudentSearchController::$ClassModel is deprecated in APPPATH\Controllers\StudentSearchController.php on line 16.
 1 SYSTEMPATH\CodeIgniter.php(903): App\Controllers\StudentSearchController->__construct()
 2 SYSTEMPATH\CodeIgniter.php(498): CodeIgniter\CodeIgniter->createController()
 3 SYSTEMPATH\CodeIgniter.php(354): CodeIgniter\CodeIgniter->handleRequest(null, Object(Config\Cache), false)
 4 SYSTEMPATH\Boot.php(334): CodeIgniter\CodeIgniter->run()
 5 SYSTEMPATH\Boot.php(67): CodeIgniter\Boot::runCodeIgniter(Object(CodeIgniter\CodeIgniter))
 6 FCPATH\index.php(56): CodeIgniter\Boot::bootWeb(Object(Config\Paths))
WARNING - 2025-05-15 11:07:42 --> [DEPRECATED] Creation of dynamic property App\Controllers\StudentSearchController::$StudentAdmissionModel is deprecated in APPPATH\Controllers\StudentSearchController.php on line 15.
 1 SYSTEMPATH\CodeIgniter.php(903): App\Controllers\StudentSearchController->__construct()
 2 SYSTEMPATH\CodeIgniter.php(498): CodeIgniter\CodeIgniter->createController()
 3 SYSTEMPATH\CodeIgniter.php(354): CodeIgniter\CodeIgniter->handleRequest(null, Object(Config\Cache), false)
 4 SYSTEMPATH\Boot.php(334): CodeIgniter\CodeIgniter->run()
 5 SYSTEMPATH\Boot.php(67): CodeIgniter\Boot::runCodeIgniter(Object(CodeIgniter\CodeIgniter))
 6 FCPATH\index.php(56): CodeIgniter\Boot::bootWeb(Object(Config\Paths))
WARNING - 2025-05-15 11:07:42 --> [DEPRECATED] Creation of dynamic property App\Controllers\StudentSearchController::$ClassModel is deprecated in APPPATH\Controllers\StudentSearchController.php on line 16.
 1 SYSTEMPATH\CodeIgniter.php(903): App\Controllers\StudentSearchController->__construct()
 2 SYSTEMPATH\CodeIgniter.php(498): CodeIgniter\CodeIgniter->createController()
 3 SYSTEMPATH\CodeIgniter.php(354): CodeIgniter\CodeIgniter->handleRequest(null, Object(Config\Cache), false)
 4 SYSTEMPATH\Boot.php(334): CodeIgniter\CodeIgniter->run()
 5 SYSTEMPATH\Boot.php(67): CodeIgniter\Boot::runCodeIgniter(Object(CodeIgniter\CodeIgniter))
 6 FCPATH\index.php(56): CodeIgniter\Boot::bootWeb(Object(Config\Paths))
WARNING - 2025-05-15 11:09:49 --> [DEPRECATED] Creation of dynamic property App\Controllers\StudentSearchController::$StudentAdmissionModel is deprecated in APPPATH\Controllers\StudentSearchController.php on line 15.
 1 SYSTEMPATH\CodeIgniter.php(903): App\Controllers\StudentSearchController->__construct()
 2 SYSTEMPATH\CodeIgniter.php(498): CodeIgniter\CodeIgniter->createController()
 3 SYSTEMPATH\CodeIgniter.php(354): CodeIgniter\CodeIgniter->handleRequest(null, Object(Config\Cache), false)
 4 SYSTEMPATH\Boot.php(334): CodeIgniter\CodeIgniter->run()
 5 SYSTEMPATH\Boot.php(67): CodeIgniter\Boot::runCodeIgniter(Object(CodeIgniter\CodeIgniter))
 6 FCPATH\index.php(56): CodeIgniter\Boot::bootWeb(Object(Config\Paths))
WARNING - 2025-05-15 11:09:49 --> [DEPRECATED] Creation of dynamic property App\Controllers\StudentSearchController::$ClassModel is deprecated in APPPATH\Controllers\StudentSearchController.php on line 16.
 1 SYSTEMPATH\CodeIgniter.php(903): App\Controllers\StudentSearchController->__construct()
 2 SYSTEMPATH\CodeIgniter.php(498): CodeIgniter\CodeIgniter->createController()
 3 SYSTEMPATH\CodeIgniter.php(354): CodeIgniter\CodeIgniter->handleRequest(null, Object(Config\Cache), false)
 4 SYSTEMPATH\Boot.php(334): CodeIgniter\CodeIgniter->run()
 5 SYSTEMPATH\Boot.php(67): CodeIgniter\Boot::runCodeIgniter(Object(CodeIgniter\CodeIgniter))
 6 FCPATH\index.php(56): CodeIgniter\Boot::bootWeb(Object(Config\Paths))
WARNING - 2025-05-15 11:10:07 --> [DEPRECATED] Creation of dynamic property App\Controllers\StudentSearchController::$StudentAdmissionModel is deprecated in APPPATH\Controllers\StudentSearchController.php on line 15.
 1 SYSTEMPATH\CodeIgniter.php(903): App\Controllers\StudentSearchController->__construct()
 2 SYSTEMPATH\CodeIgniter.php(498): CodeIgniter\CodeIgniter->createController()
 3 SYSTEMPATH\CodeIgniter.php(354): CodeIgniter\CodeIgniter->handleRequest(null, Object(Config\Cache), false)
 4 SYSTEMPATH\Boot.php(334): CodeIgniter\CodeIgniter->run()
 5 SYSTEMPATH\Boot.php(67): CodeIgniter\Boot::runCodeIgniter(Object(CodeIgniter\CodeIgniter))
 6 FCPATH\index.php(56): CodeIgniter\Boot::bootWeb(Object(Config\Paths))
WARNING - 2025-05-15 11:10:07 --> [DEPRECATED] Creation of dynamic property App\Controllers\StudentSearchController::$ClassModel is deprecated in APPPATH\Controllers\StudentSearchController.php on line 16.
 1 SYSTEMPATH\CodeIgniter.php(903): App\Controllers\StudentSearchController->__construct()
 2 SYSTEMPATH\CodeIgniter.php(498): CodeIgniter\CodeIgniter->createController()
 3 SYSTEMPATH\CodeIgniter.php(354): CodeIgniter\CodeIgniter->handleRequest(null, Object(Config\Cache), false)
 4 SYSTEMPATH\Boot.php(334): CodeIgniter\CodeIgniter->run()
 5 SYSTEMPATH\Boot.php(67): CodeIgniter\Boot::runCodeIgniter(Object(CodeIgniter\CodeIgniter))
 6 FCPATH\index.php(56): CodeIgniter\Boot::bootWeb(Object(Config\Paths))
WARNING - 2025-05-15 11:10:30 --> [DEPRECATED] Creation of dynamic property App\Controllers\StudentSearchController::$StudentAdmissionModel is deprecated in APPPATH\Controllers\StudentSearchController.php on line 15.
 1 SYSTEMPATH\CodeIgniter.php(903): App\Controllers\StudentSearchController->__construct()
 2 SYSTEMPATH\CodeIgniter.php(498): CodeIgniter\CodeIgniter->createController()
 3 SYSTEMPATH\CodeIgniter.php(354): CodeIgniter\CodeIgniter->handleRequest(null, Object(Config\Cache), false)
 4 SYSTEMPATH\Boot.php(334): CodeIgniter\CodeIgniter->run()
 5 SYSTEMPATH\Boot.php(67): CodeIgniter\Boot::runCodeIgniter(Object(CodeIgniter\CodeIgniter))
 6 FCPATH\index.php(56): CodeIgniter\Boot::bootWeb(Object(Config\Paths))
WARNING - 2025-05-15 11:10:30 --> [DEPRECATED] Creation of dynamic property App\Controllers\StudentSearchController::$ClassModel is deprecated in APPPATH\Controllers\StudentSearchController.php on line 16.
 1 SYSTEMPATH\CodeIgniter.php(903): App\Controllers\StudentSearchController->__construct()
 2 SYSTEMPATH\CodeIgniter.php(498): CodeIgniter\CodeIgniter->createController()
 3 SYSTEMPATH\CodeIgniter.php(354): CodeIgniter\CodeIgniter->handleRequest(null, Object(Config\Cache), false)
 4 SYSTEMPATH\Boot.php(334): CodeIgniter\CodeIgniter->run()
 5 SYSTEMPATH\Boot.php(67): CodeIgniter\Boot::runCodeIgniter(Object(CodeIgniter\CodeIgniter))
 6 FCPATH\index.php(56): CodeIgniter\Boot::bootWeb(Object(Config\Paths))
WARNING - 2025-05-15 11:11:26 --> [DEPRECATED] Creation of dynamic property App\Controllers\StudentSearchController::$StudentAdmissionModel is deprecated in APPPATH\Controllers\StudentSearchController.php on line 15.
 1 SYSTEMPATH\CodeIgniter.php(903): App\Controllers\StudentSearchController->__construct()
 2 SYSTEMPATH\CodeIgniter.php(498): CodeIgniter\CodeIgniter->createController()
 3 SYSTEMPATH\CodeIgniter.php(354): CodeIgniter\CodeIgniter->handleRequest(null, Object(Config\Cache), false)
 4 SYSTEMPATH\Boot.php(334): CodeIgniter\CodeIgniter->run()
 5 SYSTEMPATH\Boot.php(67): CodeIgniter\Boot::runCodeIgniter(Object(CodeIgniter\CodeIgniter))
 6 FCPATH\index.php(56): CodeIgniter\Boot::bootWeb(Object(Config\Paths))
WARNING - 2025-05-15 11:11:26 --> [DEPRECATED] Creation of dynamic property App\Controllers\StudentSearchController::$ClassModel is deprecated in APPPATH\Controllers\StudentSearchController.php on line 16.
 1 SYSTEMPATH\CodeIgniter.php(903): App\Controllers\StudentSearchController->__construct()
 2 SYSTEMPATH\CodeIgniter.php(498): CodeIgniter\CodeIgniter->createController()
 3 SYSTEMPATH\CodeIgniter.php(354): CodeIgniter\CodeIgniter->handleRequest(null, Object(Config\Cache), false)
 4 SYSTEMPATH\Boot.php(334): CodeIgniter\CodeIgniter->run()
 5 SYSTEMPATH\Boot.php(67): CodeIgniter\Boot::runCodeIgniter(Object(CodeIgniter\CodeIgniter))
 6 FCPATH\index.php(56): CodeIgniter\Boot::bootWeb(Object(Config\Paths))
WARNING - 2025-05-15 11:12:06 --> [DEPRECATED] Creation of dynamic property App\Controllers\StudentSearchController::$StudentAdmissionModel is deprecated in APPPATH\Controllers\StudentSearchController.php on line 15.
 1 SYSTEMPATH\CodeIgniter.php(903): App\Controllers\StudentSearchController->__construct()
 2 SYSTEMPATH\CodeIgniter.php(498): CodeIgniter\CodeIgniter->createController()
 3 SYSTEMPATH\CodeIgniter.php(354): CodeIgniter\CodeIgniter->handleRequest(null, Object(Config\Cache), false)
 4 SYSTEMPATH\Boot.php(334): CodeIgniter\CodeIgniter->run()
 5 SYSTEMPATH\Boot.php(67): CodeIgniter\Boot::runCodeIgniter(Object(CodeIgniter\CodeIgniter))
 6 FCPATH\index.php(56): CodeIgniter\Boot::bootWeb(Object(Config\Paths))
WARNING - 2025-05-15 11:12:06 --> [DEPRECATED] Creation of dynamic property App\Controllers\StudentSearchController::$ClassModel is deprecated in APPPATH\Controllers\StudentSearchController.php on line 16.
 1 SYSTEMPATH\CodeIgniter.php(903): App\Controllers\StudentSearchController->__construct()
 2 SYSTEMPATH\CodeIgniter.php(498): CodeIgniter\CodeIgniter->createController()
 3 SYSTEMPATH\CodeIgniter.php(354): CodeIgniter\CodeIgniter->handleRequest(null, Object(Config\Cache), false)
 4 SYSTEMPATH\Boot.php(334): CodeIgniter\CodeIgniter->run()
 5 SYSTEMPATH\Boot.php(67): CodeIgniter\Boot::runCodeIgniter(Object(CodeIgniter\CodeIgniter))
 6 FCPATH\index.php(56): CodeIgniter\Boot::bootWeb(Object(Config\Paths))
CRITICAL - 2025-05-15 11:12:06 --> ErrorException: Undefined variable $all_student
[Method: GET, Route: student_search]
in APPPATH\Views\admin\student_search.php on line 40.
 1 APPPATH\Views\admin\student_search.php(40): CodeIgniter\Debug\Exceptions->errorHandler(2, 'Undefined variable $all_student', 'D:\\forphp\\school_manage-master\\app\\Views\\admin\\student_search.php', 40)
 2 SYSTEMPATH\View\View.php(224): include('D:\\forphp\\school_manage-master\\app\\Views\\admin\\student_search.php')
 3 SYSTEMPATH\View\View.php(227): CodeIgniter\View\View->CodeIgniter\View\{closure}()
 4 SYSTEMPATH\Common.php(1173): CodeIgniter\View\View->render('admin/student_search', [], true)
 5 APPPATH\Libraries\Template.php(17): view('admin/student_search', [...])
 6 APPPATH\Controllers\StudentSearchController.php(22): App\Libraries\Template->admin_panel('student_search', [...])
 7 SYSTEMPATH\CodeIgniter.php(933): App\Controllers\StudentSearchController->student_search()
 8 SYSTEMPATH\CodeIgniter.php(507): CodeIgniter\CodeIgniter->runController(Object(App\Controllers\StudentSearchController))
 9 SYSTEMPATH\CodeIgniter.php(354): CodeIgniter\CodeIgniter->handleRequest(null, Object(Config\Cache), false)
10 SYSTEMPATH\Boot.php(334): CodeIgniter\CodeIgniter->run()
11 SYSTEMPATH\Boot.php(67): CodeIgniter\Boot::runCodeIgniter(Object(CodeIgniter\CodeIgniter))
12 FCPATH\index.php(56): CodeIgniter\Boot::bootWeb(Object(Config\Paths))
WARNING - 2025-05-15 11:14:03 --> [DEPRECATED] Creation of dynamic property App\Controllers\StudentSearchController::$StudentAdmissionModel is deprecated in APPPATH\Controllers\StudentSearchController.php on line 15.
 1 SYSTEMPATH\CodeIgniter.php(903): App\Controllers\StudentSearchController->__construct()
 2 SYSTEMPATH\CodeIgniter.php(498): CodeIgniter\CodeIgniter->createController()
 3 SYSTEMPATH\CodeIgniter.php(354): CodeIgniter\CodeIgniter->handleRequest(null, Object(Config\Cache), false)
 4 SYSTEMPATH\Boot.php(334): CodeIgniter\CodeIgniter->run()
 5 SYSTEMPATH\Boot.php(67): CodeIgniter\Boot::runCodeIgniter(Object(CodeIgniter\CodeIgniter))
 6 FCPATH\index.php(56): CodeIgniter\Boot::bootWeb(Object(Config\Paths))
WARNING - 2025-05-15 11:14:03 --> [DEPRECATED] Creation of dynamic property App\Controllers\StudentSearchController::$ClassModel is deprecated in APPPATH\Controllers\StudentSearchController.php on line 16.
 1 SYSTEMPATH\CodeIgniter.php(903): App\Controllers\StudentSearchController->__construct()
 2 SYSTEMPATH\CodeIgniter.php(498): CodeIgniter\CodeIgniter->createController()
 3 SYSTEMPATH\CodeIgniter.php(354): CodeIgniter\CodeIgniter->handleRequest(null, Object(Config\Cache), false)
 4 SYSTEMPATH\Boot.php(334): CodeIgniter\CodeIgniter->run()
 5 SYSTEMPATH\Boot.php(67): CodeIgniter\Boot::runCodeIgniter(Object(CodeIgniter\CodeIgniter))
 6 FCPATH\index.php(56): CodeIgniter\Boot::bootWeb(Object(Config\Paths))
WARNING - 2025-05-15 11:14:20 --> [DEPRECATED] Creation of dynamic property App\Controllers\StudentSearchController::$StudentAdmissionModel is deprecated in APPPATH\Controllers\StudentSearchController.php on line 15.
 1 SYSTEMPATH\CodeIgniter.php(903): App\Controllers\StudentSearchController->__construct()
 2 SYSTEMPATH\CodeIgniter.php(498): CodeIgniter\CodeIgniter->createController()
 3 SYSTEMPATH\CodeIgniter.php(354): CodeIgniter\CodeIgniter->handleRequest(null, Object(Config\Cache), false)
 4 SYSTEMPATH\Boot.php(334): CodeIgniter\CodeIgniter->run()
 5 SYSTEMPATH\Boot.php(67): CodeIgniter\Boot::runCodeIgniter(Object(CodeIgniter\CodeIgniter))
 6 FCPATH\index.php(56): CodeIgniter\Boot::bootWeb(Object(Config\Paths))
WARNING - 2025-05-15 11:14:20 --> [DEPRECATED] Creation of dynamic property App\Controllers\StudentSearchController::$ClassModel is deprecated in APPPATH\Controllers\StudentSearchController.php on line 16.
 1 SYSTEMPATH\CodeIgniter.php(903): App\Controllers\StudentSearchController->__construct()
 2 SYSTEMPATH\CodeIgniter.php(498): CodeIgniter\CodeIgniter->createController()
 3 SYSTEMPATH\CodeIgniter.php(354): CodeIgniter\CodeIgniter->handleRequest(null, Object(Config\Cache), false)
 4 SYSTEMPATH\Boot.php(334): CodeIgniter\CodeIgniter->run()
 5 SYSTEMPATH\Boot.php(67): CodeIgniter\Boot::runCodeIgniter(Object(CodeIgniter\CodeIgniter))
 6 FCPATH\index.php(56): CodeIgniter\Boot::bootWeb(Object(Config\Paths))
WARNING - 2025-05-15 11:16:59 --> [DEPRECATED] Creation of dynamic property App\Controllers\StudentSearchController::$StudentAdmissionModel is deprecated in APPPATH\Controllers\StudentSearchController.php on line 15.
 1 SYSTEMPATH\CodeIgniter.php(903): App\Controllers\StudentSearchController->__construct()
 2 SYSTEMPATH\CodeIgniter.php(498): CodeIgniter\CodeIgniter->createController()
 3 SYSTEMPATH\CodeIgniter.php(354): CodeIgniter\CodeIgniter->handleRequest(null, Object(Config\Cache), false)
 4 SYSTEMPATH\Boot.php(334): CodeIgniter\CodeIgniter->run()
 5 SYSTEMPATH\Boot.php(67): CodeIgniter\Boot::runCodeIgniter(Object(CodeIgniter\CodeIgniter))
 6 FCPATH\index.php(56): CodeIgniter\Boot::bootWeb(Object(Config\Paths))
WARNING - 2025-05-15 11:16:59 --> [DEPRECATED] Creation of dynamic property App\Controllers\StudentSearchController::$ClassModel is deprecated in APPPATH\Controllers\StudentSearchController.php on line 16.
 1 SYSTEMPATH\CodeIgniter.php(903): App\Controllers\StudentSearchController->__construct()
 2 SYSTEMPATH\CodeIgniter.php(498): CodeIgniter\CodeIgniter->createController()
 3 SYSTEMPATH\CodeIgniter.php(354): CodeIgniter\CodeIgniter->handleRequest(null, Object(Config\Cache), false)
 4 SYSTEMPATH\Boot.php(334): CodeIgniter\CodeIgniter->run()
 5 SYSTEMPATH\Boot.php(67): CodeIgniter\Boot::runCodeIgniter(Object(CodeIgniter\CodeIgniter))
 6 FCPATH\index.php(56): CodeIgniter\Boot::bootWeb(Object(Config\Paths))
WARNING - 2025-05-15 11:20:27 --> [DEPRECATED] Creation of dynamic property App\Controllers\StudentSearchController::$StudentAdmissionModel is deprecated in APPPATH\Controllers\StudentSearchController.php on line 15.
 1 SYSTEMPATH\CodeIgniter.php(903): App\Controllers\StudentSearchController->__construct()
 2 SYSTEMPATH\CodeIgniter.php(498): CodeIgniter\CodeIgniter->createController()
 3 SYSTEMPATH\CodeIgniter.php(354): CodeIgniter\CodeIgniter->handleRequest(null, Object(Config\Cache), false)
 4 SYSTEMPATH\Boot.php(334): CodeIgniter\CodeIgniter->run()
 5 SYSTEMPATH\Boot.php(67): CodeIgniter\Boot::runCodeIgniter(Object(CodeIgniter\CodeIgniter))
 6 FCPATH\index.php(56): CodeIgniter\Boot::bootWeb(Object(Config\Paths))
WARNING - 2025-05-15 11:20:27 --> [DEPRECATED] Creation of dynamic property App\Controllers\StudentSearchController::$ClassModel is deprecated in APPPATH\Controllers\StudentSearchController.php on line 16.
 1 SYSTEMPATH\CodeIgniter.php(903): App\Controllers\StudentSearchController->__construct()
 2 SYSTEMPATH\CodeIgniter.php(498): CodeIgniter\CodeIgniter->createController()
 3 SYSTEMPATH\CodeIgniter.php(354): CodeIgniter\CodeIgniter->handleRequest(null, Object(Config\Cache), false)
 4 SYSTEMPATH\Boot.php(334): CodeIgniter\CodeIgniter->run()
 5 SYSTEMPATH\Boot.php(67): CodeIgniter\Boot::runCodeIgniter(Object(CodeIgniter\CodeIgniter))
 6 FCPATH\index.php(56): CodeIgniter\Boot::bootWeb(Object(Config\Paths))
WARNING - 2025-05-15 11:21:48 --> [DEPRECATED] Creation of dynamic property App\Controllers\StudentSearchController::$StudentAdmissionModel is deprecated in APPPATH\Controllers\StudentSearchController.php on line 15.
 1 SYSTEMPATH\CodeIgniter.php(903): App\Controllers\StudentSearchController->__construct()
 2 SYSTEMPATH\CodeIgniter.php(498): CodeIgniter\CodeIgniter->createController()
 3 SYSTEMPATH\CodeIgniter.php(354): CodeIgniter\CodeIgniter->handleRequest(null, Object(Config\Cache), false)
 4 SYSTEMPATH\Boot.php(334): CodeIgniter\CodeIgniter->run()
 5 SYSTEMPATH\Boot.php(67): CodeIgniter\Boot::runCodeIgniter(Object(CodeIgniter\CodeIgniter))
 6 FCPATH\index.php(56): CodeIgniter\Boot::bootWeb(Object(Config\Paths))
WARNING - 2025-05-15 11:21:48 --> [DEPRECATED] Creation of dynamic property App\Controllers\StudentSearchController::$ClassModel is deprecated in APPPATH\Controllers\StudentSearchController.php on line 16.
 1 SYSTEMPATH\CodeIgniter.php(903): App\Controllers\StudentSearchController->__construct()
 2 SYSTEMPATH\CodeIgniter.php(498): CodeIgniter\CodeIgniter->createController()
 3 SYSTEMPATH\CodeIgniter.php(354): CodeIgniter\CodeIgniter->handleRequest(null, Object(Config\Cache), false)
 4 SYSTEMPATH\Boot.php(334): CodeIgniter\CodeIgniter->run()
 5 SYSTEMPATH\Boot.php(67): CodeIgniter\Boot::runCodeIgniter(Object(CodeIgniter\CodeIgniter))
 6 FCPATH\index.php(56): CodeIgniter\Boot::bootWeb(Object(Config\Paths))
WARNING - 2025-05-15 11:25:47 --> [DEPRECATED] Creation of dynamic property App\Controllers\StudentSearchController::$StudentAdmissionModel is deprecated in APPPATH\Controllers\StudentSearchController.php on line 15.
 1 SYSTEMPATH\CodeIgniter.php(903): App\Controllers\StudentSearchController->__construct()
 2 SYSTEMPATH\CodeIgniter.php(498): CodeIgniter\CodeIgniter->createController()
 3 SYSTEMPATH\CodeIgniter.php(354): CodeIgniter\CodeIgniter->handleRequest(null, Object(Config\Cache), false)
 4 SYSTEMPATH\Boot.php(334): CodeIgniter\CodeIgniter->run()
 5 SYSTEMPATH\Boot.php(67): CodeIgniter\Boot::runCodeIgniter(Object(CodeIgniter\CodeIgniter))
 6 FCPATH\index.php(56): CodeIgniter\Boot::bootWeb(Object(Config\Paths))
WARNING - 2025-05-15 11:25:47 --> [DEPRECATED] Creation of dynamic property App\Controllers\StudentSearchController::$ClassModel is deprecated in APPPATH\Controllers\StudentSearchController.php on line 16.
 1 SYSTEMPATH\CodeIgniter.php(903): App\Controllers\StudentSearchController->__construct()
 2 SYSTEMPATH\CodeIgniter.php(498): CodeIgniter\CodeIgniter->createController()
 3 SYSTEMPATH\CodeIgniter.php(354): CodeIgniter\CodeIgniter->handleRequest(null, Object(Config\Cache), false)
 4 SYSTEMPATH\Boot.php(334): CodeIgniter\CodeIgniter->run()
 5 SYSTEMPATH\Boot.php(67): CodeIgniter\Boot::runCodeIgniter(Object(CodeIgniter\CodeIgniter))
 6 FCPATH\index.php(56): CodeIgniter\Boot::bootWeb(Object(Config\Paths))
WARNING - 2025-05-15 11:25:59 --> [DEPRECATED] Creation of dynamic property App\Controllers\StudentSearchController::$StudentAdmissionModel is deprecated in APPPATH\Controllers\StudentSearchController.php on line 15.
 1 SYSTEMPATH\CodeIgniter.php(903): App\Controllers\StudentSearchController->__construct()
 2 SYSTEMPATH\CodeIgniter.php(498): CodeIgniter\CodeIgniter->createController()
 3 SYSTEMPATH\CodeIgniter.php(354): CodeIgniter\CodeIgniter->handleRequest(null, Object(Config\Cache), false)
 4 SYSTEMPATH\Boot.php(334): CodeIgniter\CodeIgniter->run()
 5 SYSTEMPATH\Boot.php(67): CodeIgniter\Boot::runCodeIgniter(Object(CodeIgniter\CodeIgniter))
 6 FCPATH\index.php(56): CodeIgniter\Boot::bootWeb(Object(Config\Paths))
WARNING - 2025-05-15 11:25:59 --> [DEPRECATED] Creation of dynamic property App\Controllers\StudentSearchController::$ClassModel is deprecated in APPPATH\Controllers\StudentSearchController.php on line 16.
 1 SYSTEMPATH\CodeIgniter.php(903): App\Controllers\StudentSearchController->__construct()
 2 SYSTEMPATH\CodeIgniter.php(498): CodeIgniter\CodeIgniter->createController()
 3 SYSTEMPATH\CodeIgniter.php(354): CodeIgniter\CodeIgniter->handleRequest(null, Object(Config\Cache), false)
 4 SYSTEMPATH\Boot.php(334): CodeIgniter\CodeIgniter->run()
 5 SYSTEMPATH\Boot.php(67): CodeIgniter\Boot::runCodeIgniter(Object(CodeIgniter\CodeIgniter))
 6 FCPATH\index.php(56): CodeIgniter\Boot::bootWeb(Object(Config\Paths))
CRITICAL - 2025-05-15 11:25:59 --> ErrorException: Undefined variable $class_dropdown_search
[Method: GET, Route: student_search]
in APPPATH\Views\admin\student_search.php on line 14.
 1 APPPATH\Views\admin\student_search.php(14): CodeIgniter\Debug\Exceptions->errorHandler(2, 'Undefined variable $class_dropdown_search', 'D:\\forphp\\school_manage-master\\app\\Views\\admin\\student_search.php', 14)
 2 SYSTEMPATH\View\View.php(224): include('D:\\forphp\\school_manage-master\\app\\Views\\admin\\student_search.php')
 3 SYSTEMPATH\View\View.php(227): CodeIgniter\View\View->CodeIgniter\View\{closure}()
 4 SYSTEMPATH\Common.php(1173): CodeIgniter\View\View->render('admin/student_search', [], true)
 5 APPPATH\Libraries\Template.php(17): view('admin/student_search', [...])
 6 APPPATH\Controllers\StudentSearchController.php(22): App\Libraries\Template->admin_panel('student_search', [...])
 7 SYSTEMPATH\CodeIgniter.php(933): App\Controllers\StudentSearchController->student_search()
 8 SYSTEMPATH\CodeIgniter.php(507): CodeIgniter\CodeIgniter->runController(Object(App\Controllers\StudentSearchController))
 9 SYSTEMPATH\CodeIgniter.php(354): CodeIgniter\CodeIgniter->handleRequest(null, Object(Config\Cache), false)
10 SYSTEMPATH\Boot.php(334): CodeIgniter\CodeIgniter->run()
11 SYSTEMPATH\Boot.php(67): CodeIgniter\Boot::runCodeIgniter(Object(CodeIgniter\CodeIgniter))
12 FCPATH\index.php(56): CodeIgniter\Boot::bootWeb(Object(Config\Paths))
WARNING - 2025-05-15 11:28:22 --> [DEPRECATED] Creation of dynamic property App\Controllers\StudentSearchController::$StudentAdmissionModel is deprecated in APPPATH\Controllers\StudentSearchController.php on line 15.
 1 SYSTEMPATH\CodeIgniter.php(903): App\Controllers\StudentSearchController->__construct()
 2 SYSTEMPATH\CodeIgniter.php(498): CodeIgniter\CodeIgniter->createController()
 3 SYSTEMPATH\CodeIgniter.php(354): CodeIgniter\CodeIgniter->handleRequest(null, Object(Config\Cache), false)
 4 SYSTEMPATH\Boot.php(334): CodeIgniter\CodeIgniter->run()
 5 SYSTEMPATH\Boot.php(67): CodeIgniter\Boot::runCodeIgniter(Object(CodeIgniter\CodeIgniter))
 6 FCPATH\index.php(56): CodeIgniter\Boot::bootWeb(Object(Config\Paths))
WARNING - 2025-05-15 11:28:22 --> [DEPRECATED] Creation of dynamic property App\Controllers\StudentSearchController::$ClassModel is deprecated in APPPATH\Controllers\StudentSearchController.php on line 16.
 1 SYSTEMPATH\CodeIgniter.php(903): App\Controllers\StudentSearchController->__construct()
 2 SYSTEMPATH\CodeIgniter.php(498): CodeIgniter\CodeIgniter->createController()
 3 SYSTEMPATH\CodeIgniter.php(354): CodeIgniter\CodeIgniter->handleRequest(null, Object(Config\Cache), false)
 4 SYSTEMPATH\Boot.php(334): CodeIgniter\CodeIgniter->run()
 5 SYSTEMPATH\Boot.php(67): CodeIgniter\Boot::runCodeIgniter(Object(CodeIgniter\CodeIgniter))
 6 FCPATH\index.php(56): CodeIgniter\Boot::bootWeb(Object(Config\Paths))
WARNING - 2025-05-15 11:28:35 --> [DEPRECATED] Creation of dynamic property App\Controllers\StudentSearchController::$StudentAdmissionModel is deprecated in APPPATH\Controllers\StudentSearchController.php on line 15.
 1 SYSTEMPATH\CodeIgniter.php(903): App\Controllers\StudentSearchController->__construct()
 2 SYSTEMPATH\CodeIgniter.php(498): CodeIgniter\CodeIgniter->createController()
 3 SYSTEMPATH\CodeIgniter.php(354): CodeIgniter\CodeIgniter->handleRequest(null, Object(Config\Cache), false)
 4 SYSTEMPATH\Boot.php(334): CodeIgniter\CodeIgniter->run()
 5 SYSTEMPATH\Boot.php(67): CodeIgniter\Boot::runCodeIgniter(Object(CodeIgniter\CodeIgniter))
 6 FCPATH\index.php(56): CodeIgniter\Boot::bootWeb(Object(Config\Paths))
WARNING - 2025-05-15 11:28:35 --> [DEPRECATED] Creation of dynamic property App\Controllers\StudentSearchController::$ClassModel is deprecated in APPPATH\Controllers\StudentSearchController.php on line 16.
 1 SYSTEMPATH\CodeIgniter.php(903): App\Controllers\StudentSearchController->__construct()
 2 SYSTEMPATH\CodeIgniter.php(498): CodeIgniter\CodeIgniter->createController()
 3 SYSTEMPATH\CodeIgniter.php(354): CodeIgniter\CodeIgniter->handleRequest(null, Object(Config\Cache), false)
 4 SYSTEMPATH\Boot.php(334): CodeIgniter\CodeIgniter->run()
 5 SYSTEMPATH\Boot.php(67): CodeIgniter\Boot::runCodeIgniter(Object(CodeIgniter\CodeIgniter))
 6 FCPATH\index.php(56): CodeIgniter\Boot::bootWeb(Object(Config\Paths))
WARNING - 2025-05-15 11:33:50 --> [DEPRECATED] Creation of dynamic property App\Controllers\StudentSearchController::$StudentAdmissionModel is deprecated in APPPATH\Controllers\StudentSearchController.php on line 15.
 1 SYSTEMPATH\CodeIgniter.php(903): App\Controllers\StudentSearchController->__construct()
 2 SYSTEMPATH\CodeIgniter.php(498): CodeIgniter\CodeIgniter->createController()
 3 SYSTEMPATH\CodeIgniter.php(354): CodeIgniter\CodeIgniter->handleRequest(null, Object(Config\Cache), false)
 4 SYSTEMPATH\Boot.php(334): CodeIgniter\CodeIgniter->run()
 5 SYSTEMPATH\Boot.php(67): CodeIgniter\Boot::runCodeIgniter(Object(CodeIgniter\CodeIgniter))
 6 FCPATH\index.php(56): CodeIgniter\Boot::bootWeb(Object(Config\Paths))
WARNING - 2025-05-15 11:33:50 --> [DEPRECATED] Creation of dynamic property App\Controllers\StudentSearchController::$ClassModel is deprecated in APPPATH\Controllers\StudentSearchController.php on line 16.
 1 SYSTEMPATH\CodeIgniter.php(903): App\Controllers\StudentSearchController->__construct()
 2 SYSTEMPATH\CodeIgniter.php(498): CodeIgniter\CodeIgniter->createController()
 3 SYSTEMPATH\CodeIgniter.php(354): CodeIgniter\CodeIgniter->handleRequest(null, Object(Config\Cache), false)
 4 SYSTEMPATH\Boot.php(334): CodeIgniter\CodeIgniter->run()
 5 SYSTEMPATH\Boot.php(67): CodeIgniter\Boot::runCodeIgniter(Object(CodeIgniter\CodeIgniter))
 6 FCPATH\index.php(56): CodeIgniter\Boot::bootWeb(Object(Config\Paths))
WARNING - 2025-05-15 11:34:05 --> [DEPRECATED] Creation of dynamic property App\Controllers\StudentSearchController::$StudentAdmissionModel is deprecated in APPPATH\Controllers\StudentSearchController.php on line 15.
 1 SYSTEMPATH\CodeIgniter.php(903): App\Controllers\StudentSearchController->__construct()
 2 SYSTEMPATH\CodeIgniter.php(498): CodeIgniter\CodeIgniter->createController()
 3 SYSTEMPATH\CodeIgniter.php(354): CodeIgniter\CodeIgniter->handleRequest(null, Object(Config\Cache), false)
 4 SYSTEMPATH\Boot.php(334): CodeIgniter\CodeIgniter->run()
 5 SYSTEMPATH\Boot.php(67): CodeIgniter\Boot::runCodeIgniter(Object(CodeIgniter\CodeIgniter))
 6 FCPATH\index.php(56): CodeIgniter\Boot::bootWeb(Object(Config\Paths))
WARNING - 2025-05-15 11:34:05 --> [DEPRECATED] Creation of dynamic property App\Controllers\StudentSearchController::$ClassModel is deprecated in APPPATH\Controllers\StudentSearchController.php on line 16.
 1 SYSTEMPATH\CodeIgniter.php(903): App\Controllers\StudentSearchController->__construct()
 2 SYSTEMPATH\CodeIgniter.php(498): CodeIgniter\CodeIgniter->createController()
 3 SYSTEMPATH\CodeIgniter.php(354): CodeIgniter\CodeIgniter->handleRequest(null, Object(Config\Cache), false)
 4 SYSTEMPATH\Boot.php(334): CodeIgniter\CodeIgniter->run()
 5 SYSTEMPATH\Boot.php(67): CodeIgniter\Boot::runCodeIgniter(Object(CodeIgniter\CodeIgniter))
 6 FCPATH\index.php(56): CodeIgniter\Boot::bootWeb(Object(Config\Paths))
WARNING - 2025-05-15 11:35:31 --> [DEPRECATED] Creation of dynamic property App\Controllers\StudentSearchController::$StudentAdmissionModel is deprecated in APPPATH\Controllers\StudentSearchController.php on line 15.
 1 SYSTEMPATH\CodeIgniter.php(903): App\Controllers\StudentSearchController->__construct()
 2 SYSTEMPATH\CodeIgniter.php(498): CodeIgniter\CodeIgniter->createController()
 3 SYSTEMPATH\CodeIgniter.php(354): CodeIgniter\CodeIgniter->handleRequest(null, Object(Config\Cache), false)
 4 SYSTEMPATH\Boot.php(334): CodeIgniter\CodeIgniter->run()
 5 SYSTEMPATH\Boot.php(67): CodeIgniter\Boot::runCodeIgniter(Object(CodeIgniter\CodeIgniter))
 6 FCPATH\index.php(56): CodeIgniter\Boot::bootWeb(Object(Config\Paths))
WARNING - 2025-05-15 11:35:31 --> [DEPRECATED] Creation of dynamic property App\Controllers\StudentSearchController::$ClassModel is deprecated in APPPATH\Controllers\StudentSearchController.php on line 16.
 1 SYSTEMPATH\CodeIgniter.php(903): App\Controllers\StudentSearchController->__construct()
 2 SYSTEMPATH\CodeIgniter.php(498): CodeIgniter\CodeIgniter->createController()
 3 SYSTEMPATH\CodeIgniter.php(354): CodeIgniter\CodeIgniter->handleRequest(null, Object(Config\Cache), false)
 4 SYSTEMPATH\Boot.php(334): CodeIgniter\CodeIgniter->run()
 5 SYSTEMPATH\Boot.php(67): CodeIgniter\Boot::runCodeIgniter(Object(CodeIgniter\CodeIgniter))
 6 FCPATH\index.php(56): CodeIgniter\Boot::bootWeb(Object(Config\Paths))
WARNING - 2025-05-15 11:36:38 --> [DEPRECATED] Creation of dynamic property App\Controllers\StudentSearchController::$StudentAdmissionModel is deprecated in APPPATH\Controllers\StudentSearchController.php on line 15.
 1 SYSTEMPATH\CodeIgniter.php(903): App\Controllers\StudentSearchController->__construct()
 2 SYSTEMPATH\CodeIgniter.php(498): CodeIgniter\CodeIgniter->createController()
 3 SYSTEMPATH\CodeIgniter.php(354): CodeIgniter\CodeIgniter->handleRequest(null, Object(Config\Cache), false)
 4 SYSTEMPATH\Boot.php(334): CodeIgniter\CodeIgniter->run()
 5 SYSTEMPATH\Boot.php(67): CodeIgniter\Boot::runCodeIgniter(Object(CodeIgniter\CodeIgniter))
 6 FCPATH\index.php(56): CodeIgniter\Boot::bootWeb(Object(Config\Paths))
WARNING - 2025-05-15 11:36:38 --> [DEPRECATED] Creation of dynamic property App\Controllers\StudentSearchController::$ClassModel is deprecated in APPPATH\Controllers\StudentSearchController.php on line 16.
 1 SYSTEMPATH\CodeIgniter.php(903): App\Controllers\StudentSearchController->__construct()
 2 SYSTEMPATH\CodeIgniter.php(498): CodeIgniter\CodeIgniter->createController()
 3 SYSTEMPATH\CodeIgniter.php(354): CodeIgniter\CodeIgniter->handleRequest(null, Object(Config\Cache), false)
 4 SYSTEMPATH\Boot.php(334): CodeIgniter\CodeIgniter->run()
 5 SYSTEMPATH\Boot.php(67): CodeIgniter\Boot::runCodeIgniter(Object(CodeIgniter\CodeIgniter))
 6 FCPATH\index.php(56): CodeIgniter\Boot::bootWeb(Object(Config\Paths))
CRITICAL - 2025-05-15 11:36:38 --> ErrorException: Undefined variable $student_search
[Method: GET, Route: student_search]
in APPPATH\Views\admin\student_search.php on line 38.
 1 APPPATH\Views\admin\student_search.php(38): CodeIgniter\Debug\Exceptions->errorHandler(2, 'Undefined variable $student_search', 'D:\\forphp\\school_manage-master\\app\\Views\\admin\\student_search.php', 38)
 2 SYSTEMPATH\View\View.php(224): include('D:\\forphp\\school_manage-master\\app\\Views\\admin\\student_search.php')
 3 SYSTEMPATH\View\View.php(227): CodeIgniter\View\View->CodeIgniter\View\{closure}()
 4 SYSTEMPATH\Common.php(1173): CodeIgniter\View\View->render('admin/student_search', [], true)
 5 APPPATH\Libraries\Template.php(17): view('admin/student_search', [...])
 6 APPPATH\Controllers\StudentSearchController.php(22): App\Libraries\Template->admin_panel('student_search', [...])
 7 SYSTEMPATH\CodeIgniter.php(933): App\Controllers\StudentSearchController->class_dropdown_search()
 8 SYSTEMPATH\CodeIgniter.php(507): CodeIgniter\CodeIgniter->runController(Object(App\Controllers\StudentSearchController))
 9 SYSTEMPATH\CodeIgniter.php(354): CodeIgniter\CodeIgniter->handleRequest(null, Object(Config\Cache), false)
10 SYSTEMPATH\Boot.php(334): CodeIgniter\CodeIgniter->run()
11 SYSTEMPATH\Boot.php(67): CodeIgniter\Boot::runCodeIgniter(Object(CodeIgniter\CodeIgniter))
12 FCPATH\index.php(56): CodeIgniter\Boot::bootWeb(Object(Config\Paths))
WARNING - 2025-05-15 11:37:14 --> [DEPRECATED] Creation of dynamic property App\Controllers\StudentSearchController::$StudentAdmissionModel is deprecated in APPPATH\Controllers\StudentSearchController.php on line 15.
 1 SYSTEMPATH\CodeIgniter.php(903): App\Controllers\StudentSearchController->__construct()
 2 SYSTEMPATH\CodeIgniter.php(498): CodeIgniter\CodeIgniter->createController()
 3 SYSTEMPATH\CodeIgniter.php(354): CodeIgniter\CodeIgniter->handleRequest(null, Object(Config\Cache), false)
 4 SYSTEMPATH\Boot.php(334): CodeIgniter\CodeIgniter->run()
 5 SYSTEMPATH\Boot.php(67): CodeIgniter\Boot::runCodeIgniter(Object(CodeIgniter\CodeIgniter))
 6 FCPATH\index.php(56): CodeIgniter\Boot::bootWeb(Object(Config\Paths))
WARNING - 2025-05-15 11:37:14 --> [DEPRECATED] Creation of dynamic property App\Controllers\StudentSearchController::$ClassModel is deprecated in APPPATH\Controllers\StudentSearchController.php on line 16.
 1 SYSTEMPATH\CodeIgniter.php(903): App\Controllers\StudentSearchController->__construct()
 2 SYSTEMPATH\CodeIgniter.php(498): CodeIgniter\CodeIgniter->createController()
 3 SYSTEMPATH\CodeIgniter.php(354): CodeIgniter\CodeIgniter->handleRequest(null, Object(Config\Cache), false)
 4 SYSTEMPATH\Boot.php(334): CodeIgniter\CodeIgniter->run()
 5 SYSTEMPATH\Boot.php(67): CodeIgniter\Boot::runCodeIgniter(Object(CodeIgniter\CodeIgniter))
 6 FCPATH\index.php(56): CodeIgniter\Boot::bootWeb(Object(Config\Paths))
CRITICAL - 2025-05-15 11:37:14 --> ErrorException: Undefined variable $student_search
[Method: GET, Route: student_search]
in APPPATH\Views\admin\student_search.php on line 38.
 1 APPPATH\Views\admin\student_search.php(38): CodeIgniter\Debug\Exceptions->errorHandler(2, 'Undefined variable $student_search', 'D:\\forphp\\school_manage-master\\app\\Views\\admin\\student_search.php', 38)
 2 SYSTEMPATH\View\View.php(224): include('D:\\forphp\\school_manage-master\\app\\Views\\admin\\student_search.php')
 3 SYSTEMPATH\View\View.php(227): CodeIgniter\View\View->CodeIgniter\View\{closure}()
 4 SYSTEMPATH\Common.php(1173): CodeIgniter\View\View->render('admin/student_search', [], true)
 5 APPPATH\Libraries\Template.php(17): view('admin/student_search', [...])
 6 APPPATH\Controllers\StudentSearchController.php(22): App\Libraries\Template->admin_panel('student_search', [...])
 7 SYSTEMPATH\CodeIgniter.php(933): App\Controllers\StudentSearchController->class_dropdown_search()
 8 SYSTEMPATH\CodeIgniter.php(507): CodeIgniter\CodeIgniter->runController(Object(App\Controllers\StudentSearchController))
 9 SYSTEMPATH\CodeIgniter.php(354): CodeIgniter\CodeIgniter->handleRequest(null, Object(Config\Cache), false)
10 SYSTEMPATH\Boot.php(334): CodeIgniter\CodeIgniter->run()
11 SYSTEMPATH\Boot.php(67): CodeIgniter\Boot::runCodeIgniter(Object(CodeIgniter\CodeIgniter))
12 FCPATH\index.php(56): CodeIgniter\Boot::bootWeb(Object(Config\Paths))
WARNING - 2025-05-15 11:37:15 --> [DEPRECATED] Creation of dynamic property App\Controllers\StudentSearchController::$StudentAdmissionModel is deprecated in APPPATH\Controllers\StudentSearchController.php on line 15.
 1 SYSTEMPATH\CodeIgniter.php(903): App\Controllers\StudentSearchController->__construct()
 2 SYSTEMPATH\CodeIgniter.php(498): CodeIgniter\CodeIgniter->createController()
 3 SYSTEMPATH\CodeIgniter.php(354): CodeIgniter\CodeIgniter->handleRequest(null, Object(Config\Cache), false)
 4 SYSTEMPATH\Boot.php(334): CodeIgniter\CodeIgniter->run()
 5 SYSTEMPATH\Boot.php(67): CodeIgniter\Boot::runCodeIgniter(Object(CodeIgniter\CodeIgniter))
 6 FCPATH\index.php(56): CodeIgniter\Boot::bootWeb(Object(Config\Paths))
WARNING - 2025-05-15 11:37:15 --> [DEPRECATED] Creation of dynamic property App\Controllers\StudentSearchController::$ClassModel is deprecated in APPPATH\Controllers\StudentSearchController.php on line 16.
 1 SYSTEMPATH\CodeIgniter.php(903): App\Controllers\StudentSearchController->__construct()
 2 SYSTEMPATH\CodeIgniter.php(498): CodeIgniter\CodeIgniter->createController()
 3 SYSTEMPATH\CodeIgniter.php(354): CodeIgniter\CodeIgniter->handleRequest(null, Object(Config\Cache), false)
 4 SYSTEMPATH\Boot.php(334): CodeIgniter\CodeIgniter->run()
 5 SYSTEMPATH\Boot.php(67): CodeIgniter\Boot::runCodeIgniter(Object(CodeIgniter\CodeIgniter))
 6 FCPATH\index.php(56): CodeIgniter\Boot::bootWeb(Object(Config\Paths))
CRITICAL - 2025-05-15 11:37:15 --> ErrorException: Undefined variable $student_search
[Method: GET, Route: student_search]
in APPPATH\Views\admin\student_search.php on line 38.
 1 APPPATH\Views\admin\student_search.php(38): CodeIgniter\Debug\Exceptions->errorHandler(2, 'Undefined variable $student_search', 'D:\\forphp\\school_manage-master\\app\\Views\\admin\\student_search.php', 38)
 2 SYSTEMPATH\View\View.php(224): include('D:\\forphp\\school_manage-master\\app\\Views\\admin\\student_search.php')
 3 SYSTEMPATH\View\View.php(227): CodeIgniter\View\View->CodeIgniter\View\{closure}()
 4 SYSTEMPATH\Common.php(1173): CodeIgniter\View\View->render('admin/student_search', [], true)
 5 APPPATH\Libraries\Template.php(17): view('admin/student_search', [...])
 6 APPPATH\Controllers\StudentSearchController.php(22): App\Libraries\Template->admin_panel('student_search', [...])
 7 SYSTEMPATH\CodeIgniter.php(933): App\Controllers\StudentSearchController->class_dropdown_search()
 8 SYSTEMPATH\CodeIgniter.php(507): CodeIgniter\CodeIgniter->runController(Object(App\Controllers\StudentSearchController))
 9 SYSTEMPATH\CodeIgniter.php(354): CodeIgniter\CodeIgniter->handleRequest(null, Object(Config\Cache), false)
10 SYSTEMPATH\Boot.php(334): CodeIgniter\CodeIgniter->run()
11 SYSTEMPATH\Boot.php(67): CodeIgniter\Boot::runCodeIgniter(Object(CodeIgniter\CodeIgniter))
12 FCPATH\index.php(56): CodeIgniter\Boot::bootWeb(Object(Config\Paths))
WARNING - 2025-05-15 11:38:45 --> [DEPRECATED] Creation of dynamic property App\Controllers\StudentSearchController::$StudentAdmissionModel is deprecated in APPPATH\Controllers\StudentSearchController.php on line 15.
 1 SYSTEMPATH\CodeIgniter.php(903): App\Controllers\StudentSearchController->__construct()
 2 SYSTEMPATH\CodeIgniter.php(498): CodeIgniter\CodeIgniter->createController()
 3 SYSTEMPATH\CodeIgniter.php(354): CodeIgniter\CodeIgniter->handleRequest(null, Object(Config\Cache), false)
 4 SYSTEMPATH\Boot.php(334): CodeIgniter\CodeIgniter->run()
 5 SYSTEMPATH\Boot.php(67): CodeIgniter\Boot::runCodeIgniter(Object(CodeIgniter\CodeIgniter))
 6 FCPATH\index.php(56): CodeIgniter\Boot::bootWeb(Object(Config\Paths))
WARNING - 2025-05-15 11:38:45 --> [DEPRECATED] Creation of dynamic property App\Controllers\StudentSearchController::$ClassModel is deprecated in APPPATH\Controllers\StudentSearchController.php on line 16.
 1 SYSTEMPATH\CodeIgniter.php(903): App\Controllers\StudentSearchController->__construct()
 2 SYSTEMPATH\CodeIgniter.php(498): CodeIgniter\CodeIgniter->createController()
 3 SYSTEMPATH\CodeIgniter.php(354): CodeIgniter\CodeIgniter->handleRequest(null, Object(Config\Cache), false)
 4 SYSTEMPATH\Boot.php(334): CodeIgniter\CodeIgniter->run()
 5 SYSTEMPATH\Boot.php(67): CodeIgniter\Boot::runCodeIgniter(Object(CodeIgniter\CodeIgniter))
 6 FCPATH\index.php(56): CodeIgniter\Boot::bootWeb(Object(Config\Paths))
CRITICAL - 2025-05-15 11:38:45 --> ErrorException: Undefined variable $student_search
[Method: GET, Route: student_search]
in APPPATH\Views\admin\student_search.php on line 38.
 1 APPPATH\Views\admin\student_search.php(38): CodeIgniter\Debug\Exceptions->errorHandler(2, 'Undefined variable $student_search', 'D:\\forphp\\school_manage-master\\app\\Views\\admin\\student_search.php', 38)
 2 SYSTEMPATH\View\View.php(224): include('D:\\forphp\\school_manage-master\\app\\Views\\admin\\student_search.php')
 3 SYSTEMPATH\View\View.php(227): CodeIgniter\View\View->CodeIgniter\View\{closure}()
 4 SYSTEMPATH\Common.php(1173): CodeIgniter\View\View->render('admin/student_search', [], true)
 5 APPPATH\Libraries\Template.php(17): view('admin/student_search', [...])
 6 APPPATH\Controllers\StudentSearchController.php(22): App\Libraries\Template->admin_panel('student_search', [...])
 7 SYSTEMPATH\CodeIgniter.php(933): App\Controllers\StudentSearchController->class_dropdown_search()
 8 SYSTEMPATH\CodeIgniter.php(507): CodeIgniter\CodeIgniter->runController(Object(App\Controllers\StudentSearchController))
 9 SYSTEMPATH\CodeIgniter.php(354): CodeIgniter\CodeIgniter->handleRequest(null, Object(Config\Cache), false)
10 SYSTEMPATH\Boot.php(334): CodeIgniter\CodeIgniter->run()
11 SYSTEMPATH\Boot.php(67): CodeIgniter\Boot::runCodeIgniter(Object(CodeIgniter\CodeIgniter))
12 FCPATH\index.php(56): CodeIgniter\Boot::bootWeb(Object(Config\Paths))
WARNING - 2025-05-15 11:40:35 --> [DEPRECATED] Creation of dynamic property App\Controllers\StudentSearchController::$StudentAdmissionModel is deprecated in APPPATH\Controllers\StudentSearchController.php on line 15.
 1 SYSTEMPATH\CodeIgniter.php(903): App\Controllers\StudentSearchController->__construct()
 2 SYSTEMPATH\CodeIgniter.php(498): CodeIgniter\CodeIgniter->createController()
 3 SYSTEMPATH\CodeIgniter.php(354): CodeIgniter\CodeIgniter->handleRequest(null, Object(Config\Cache), false)
 4 SYSTEMPATH\Boot.php(334): CodeIgniter\CodeIgniter->run()
 5 SYSTEMPATH\Boot.php(67): CodeIgniter\Boot::runCodeIgniter(Object(CodeIgniter\CodeIgniter))
 6 FCPATH\index.php(56): CodeIgniter\Boot::bootWeb(Object(Config\Paths))
WARNING - 2025-05-15 11:40:35 --> [DEPRECATED] Creation of dynamic property App\Controllers\StudentSearchController::$ClassModel is deprecated in APPPATH\Controllers\StudentSearchController.php on line 16.
 1 SYSTEMPATH\CodeIgniter.php(903): App\Controllers\StudentSearchController->__construct()
 2 SYSTEMPATH\CodeIgniter.php(498): CodeIgniter\CodeIgniter->createController()
 3 SYSTEMPATH\CodeIgniter.php(354): CodeIgniter\CodeIgniter->handleRequest(null, Object(Config\Cache), false)
 4 SYSTEMPATH\Boot.php(334): CodeIgniter\CodeIgniter->run()
 5 SYSTEMPATH\Boot.php(67): CodeIgniter\Boot::runCodeIgniter(Object(CodeIgniter\CodeIgniter))
 6 FCPATH\index.php(56): CodeIgniter\Boot::bootWeb(Object(Config\Paths))
CRITICAL - 2025-05-15 11:40:35 --> ErrorException: Undefined variable $student_search
[Method: GET, Route: student_search]
in APPPATH\Views\admin\student_search.php on line 38.
 1 APPPATH\Views\admin\student_search.php(38): CodeIgniter\Debug\Exceptions->errorHandler(2, 'Undefined variable $student_search', 'D:\\forphp\\school_manage-master\\app\\Views\\admin\\student_search.php', 38)
 2 SYSTEMPATH\View\View.php(224): include('D:\\forphp\\school_manage-master\\app\\Views\\admin\\student_search.php')
 3 SYSTEMPATH\View\View.php(227): CodeIgniter\View\View->CodeIgniter\View\{closure}()
 4 SYSTEMPATH\Common.php(1173): CodeIgniter\View\View->render('admin/student_search', [], true)
 5 APPPATH\Controllers\StudentSearchController.php(25): view('admin/student_search', [...])
 6 SYSTEMPATH\CodeIgniter.php(933): App\Controllers\StudentSearchController->class_dropdown_search()
 7 SYSTEMPATH\CodeIgniter.php(507): CodeIgniter\CodeIgniter->runController(Object(App\Controllers\StudentSearchController))
 8 SYSTEMPATH\CodeIgniter.php(354): CodeIgniter\CodeIgniter->handleRequest(null, Object(Config\Cache), false)
 9 SYSTEMPATH\Boot.php(334): CodeIgniter\CodeIgniter->run()
10 SYSTEMPATH\Boot.php(67): CodeIgniter\Boot::runCodeIgniter(Object(CodeIgniter\CodeIgniter))
11 FCPATH\index.php(56): CodeIgniter\Boot::bootWeb(Object(Config\Paths))
WARNING - 2025-05-15 11:40:37 --> [DEPRECATED] Creation of dynamic property App\Controllers\StudentSearchController::$StudentAdmissionModel is deprecated in APPPATH\Controllers\StudentSearchController.php on line 15.
 1 SYSTEMPATH\CodeIgniter.php(903): App\Controllers\StudentSearchController->__construct()
 2 SYSTEMPATH\CodeIgniter.php(498): CodeIgniter\CodeIgniter->createController()
 3 SYSTEMPATH\CodeIgniter.php(354): CodeIgniter\CodeIgniter->handleRequest(null, Object(Config\Cache), false)
 4 SYSTEMPATH\Boot.php(334): CodeIgniter\CodeIgniter->run()
 5 SYSTEMPATH\Boot.php(67): CodeIgniter\Boot::runCodeIgniter(Object(CodeIgniter\CodeIgniter))
 6 FCPATH\index.php(56): CodeIgniter\Boot::bootWeb(Object(Config\Paths))
WARNING - 2025-05-15 11:40:37 --> [DEPRECATED] Creation of dynamic property App\Controllers\StudentSearchController::$ClassModel is deprecated in APPPATH\Controllers\StudentSearchController.php on line 16.
 1 SYSTEMPATH\CodeIgniter.php(903): App\Controllers\StudentSearchController->__construct()
 2 SYSTEMPATH\CodeIgniter.php(498): CodeIgniter\CodeIgniter->createController()
 3 SYSTEMPATH\CodeIgniter.php(354): CodeIgniter\CodeIgniter->handleRequest(null, Object(Config\Cache), false)
 4 SYSTEMPATH\Boot.php(334): CodeIgniter\CodeIgniter->run()
 5 SYSTEMPATH\Boot.php(67): CodeIgniter\Boot::runCodeIgniter(Object(CodeIgniter\CodeIgniter))
 6 FCPATH\index.php(56): CodeIgniter\Boot::bootWeb(Object(Config\Paths))
CRITICAL - 2025-05-15 11:40:37 --> ErrorException: Undefined variable $student_search
[Method: GET, Route: student_search]
in APPPATH\Views\admin\student_search.php on line 38.
 1 APPPATH\Views\admin\student_search.php(38): CodeIgniter\Debug\Exceptions->errorHandler(2, 'Undefined variable $student_search', 'D:\\forphp\\school_manage-master\\app\\Views\\admin\\student_search.php', 38)
 2 SYSTEMPATH\View\View.php(224): include('D:\\forphp\\school_manage-master\\app\\Views\\admin\\student_search.php')
 3 SYSTEMPATH\View\View.php(227): CodeIgniter\View\View->CodeIgniter\View\{closure}()
 4 SYSTEMPATH\Common.php(1173): CodeIgniter\View\View->render('admin/student_search', [], true)
 5 APPPATH\Controllers\StudentSearchController.php(25): view('admin/student_search', [...])
 6 SYSTEMPATH\CodeIgniter.php(933): App\Controllers\StudentSearchController->class_dropdown_search()
 7 SYSTEMPATH\CodeIgniter.php(507): CodeIgniter\CodeIgniter->runController(Object(App\Controllers\StudentSearchController))
 8 SYSTEMPATH\CodeIgniter.php(354): CodeIgniter\CodeIgniter->handleRequest(null, Object(Config\Cache), false)
 9 SYSTEMPATH\Boot.php(334): CodeIgniter\CodeIgniter->run()
10 SYSTEMPATH\Boot.php(67): CodeIgniter\Boot::runCodeIgniter(Object(CodeIgniter\CodeIgniter))
11 FCPATH\index.php(56): CodeIgniter\Boot::bootWeb(Object(Config\Paths))
WARNING - 2025-05-15 11:40:38 --> [DEPRECATED] Creation of dynamic property App\Controllers\StudentSearchController::$StudentAdmissionModel is deprecated in APPPATH\Controllers\StudentSearchController.php on line 15.
 1 SYSTEMPATH\CodeIgniter.php(903): App\Controllers\StudentSearchController->__construct()
 2 SYSTEMPATH\CodeIgniter.php(498): CodeIgniter\CodeIgniter->createController()
 3 SYSTEMPATH\CodeIgniter.php(354): CodeIgniter\CodeIgniter->handleRequest(null, Object(Config\Cache), false)
 4 SYSTEMPATH\Boot.php(334): CodeIgniter\CodeIgniter->run()
 5 SYSTEMPATH\Boot.php(67): CodeIgniter\Boot::runCodeIgniter(Object(CodeIgniter\CodeIgniter))
 6 FCPATH\index.php(56): CodeIgniter\Boot::bootWeb(Object(Config\Paths))
WARNING - 2025-05-15 11:40:38 --> [DEPRECATED] Creation of dynamic property App\Controllers\StudentSearchController::$ClassModel is deprecated in APPPATH\Controllers\StudentSearchController.php on line 16.
 1 SYSTEMPATH\CodeIgniter.php(903): App\Controllers\StudentSearchController->__construct()
 2 SYSTEMPATH\CodeIgniter.php(498): CodeIgniter\CodeIgniter->createController()
 3 SYSTEMPATH\CodeIgniter.php(354): CodeIgniter\CodeIgniter->handleRequest(null, Object(Config\Cache), false)
 4 SYSTEMPATH\Boot.php(334): CodeIgniter\CodeIgniter->run()
 5 SYSTEMPATH\Boot.php(67): CodeIgniter\Boot::runCodeIgniter(Object(CodeIgniter\CodeIgniter))
 6 FCPATH\index.php(56): CodeIgniter\Boot::bootWeb(Object(Config\Paths))
CRITICAL - 2025-05-15 11:40:38 --> ErrorException: Undefined variable $student_search
[Method: GET, Route: student_search]
in APPPATH\Views\admin\student_search.php on line 38.
 1 APPPATH\Views\admin\student_search.php(38): CodeIgniter\Debug\Exceptions->errorHandler(2, 'Undefined variable $student_search', 'D:\\forphp\\school_manage-master\\app\\Views\\admin\\student_search.php', 38)
 2 SYSTEMPATH\View\View.php(224): include('D:\\forphp\\school_manage-master\\app\\Views\\admin\\student_search.php')
 3 SYSTEMPATH\View\View.php(227): CodeIgniter\View\View->CodeIgniter\View\{closure}()
 4 SYSTEMPATH\Common.php(1173): CodeIgniter\View\View->render('admin/student_search', [], true)
 5 APPPATH\Controllers\StudentSearchController.php(25): view('admin/student_search', [...])
 6 SYSTEMPATH\CodeIgniter.php(933): App\Controllers\StudentSearchController->class_dropdown_search()
 7 SYSTEMPATH\CodeIgniter.php(507): CodeIgniter\CodeIgniter->runController(Object(App\Controllers\StudentSearchController))
 8 SYSTEMPATH\CodeIgniter.php(354): CodeIgniter\CodeIgniter->handleRequest(null, Object(Config\Cache), false)
 9 SYSTEMPATH\Boot.php(334): CodeIgniter\CodeIgniter->run()
10 SYSTEMPATH\Boot.php(67): CodeIgniter\Boot::runCodeIgniter(Object(CodeIgniter\CodeIgniter))
11 FCPATH\index.php(56): CodeIgniter\Boot::bootWeb(Object(Config\Paths))
WARNING - 2025-05-15 11:41:38 --> [DEPRECATED] Creation of dynamic property App\Controllers\StudentSearchController::$StudentAdmissionModel is deprecated in APPPATH\Controllers\StudentSearchController.php on line 15.
 1 SYSTEMPATH\CodeIgniter.php(903): App\Controllers\StudentSearchController->__construct()
 2 SYSTEMPATH\CodeIgniter.php(498): CodeIgniter\CodeIgniter->createController()
 3 SYSTEMPATH\CodeIgniter.php(354): CodeIgniter\CodeIgniter->handleRequest(null, Object(Config\Cache), false)
 4 SYSTEMPATH\Boot.php(334): CodeIgniter\CodeIgniter->run()
 5 SYSTEMPATH\Boot.php(67): CodeIgniter\Boot::runCodeIgniter(Object(CodeIgniter\CodeIgniter))
 6 FCPATH\index.php(56): CodeIgniter\Boot::bootWeb(Object(Config\Paths))
WARNING - 2025-05-15 11:41:38 --> [DEPRECATED] Creation of dynamic property App\Controllers\StudentSearchController::$ClassModel is deprecated in APPPATH\Controllers\StudentSearchController.php on line 16.
 1 SYSTEMPATH\CodeIgniter.php(903): App\Controllers\StudentSearchController->__construct()
 2 SYSTEMPATH\CodeIgniter.php(498): CodeIgniter\CodeIgniter->createController()
 3 SYSTEMPATH\CodeIgniter.php(354): CodeIgniter\CodeIgniter->handleRequest(null, Object(Config\Cache), false)
 4 SYSTEMPATH\Boot.php(334): CodeIgniter\CodeIgniter->run()
 5 SYSTEMPATH\Boot.php(67): CodeIgniter\Boot::runCodeIgniter(Object(CodeIgniter\CodeIgniter))
 6 FCPATH\index.php(56): CodeIgniter\Boot::bootWeb(Object(Config\Paths))
CRITICAL - 2025-05-15 11:41:38 --> ErrorException: Undefined variable $student_search
[Method: GET, Route: student_search]
in APPPATH\Views\admin\student_search.php on line 38.
 1 APPPATH\Views\admin\student_search.php(38): CodeIgniter\Debug\Exceptions->errorHandler(2, 'Undefined variable $student_search', 'D:\\forphp\\school_manage-master\\app\\Views\\admin\\student_search.php', 38)
 2 SYSTEMPATH\View\View.php(224): include('D:\\forphp\\school_manage-master\\app\\Views\\admin\\student_search.php')
 3 SYSTEMPATH\View\View.php(227): CodeIgniter\View\View->CodeIgniter\View\{closure}()
 4 SYSTEMPATH\Common.php(1173): CodeIgniter\View\View->render('admin/student_search', [], true)
 5 APPPATH\Libraries\Template.php(17): view('admin/student_search', [...])
 6 APPPATH\Controllers\StudentSearchController.php(22): App\Libraries\Template->admin_panel('student_search', [...])
 7 SYSTEMPATH\CodeIgniter.php(933): App\Controllers\StudentSearchController->class_dropdown_search()
 8 SYSTEMPATH\CodeIgniter.php(507): CodeIgniter\CodeIgniter->runController(Object(App\Controllers\StudentSearchController))
 9 SYSTEMPATH\CodeIgniter.php(354): CodeIgniter\CodeIgniter->handleRequest(null, Object(Config\Cache), false)
10 SYSTEMPATH\Boot.php(334): CodeIgniter\CodeIgniter->run()
11 SYSTEMPATH\Boot.php(67): CodeIgniter\Boot::runCodeIgniter(Object(CodeIgniter\CodeIgniter))
12 FCPATH\index.php(56): CodeIgniter\Boot::bootWeb(Object(Config\Paths))
WARNING - 2025-05-15 11:41:39 --> [DEPRECATED] Creation of dynamic property App\Controllers\StudentSearchController::$StudentAdmissionModel is deprecated in APPPATH\Controllers\StudentSearchController.php on line 15.
 1 SYSTEMPATH\CodeIgniter.php(903): App\Controllers\StudentSearchController->__construct()
 2 SYSTEMPATH\CodeIgniter.php(498): CodeIgniter\CodeIgniter->createController()
 3 SYSTEMPATH\CodeIgniter.php(354): CodeIgniter\CodeIgniter->handleRequest(null, Object(Config\Cache), false)
 4 SYSTEMPATH\Boot.php(334): CodeIgniter\CodeIgniter->run()
 5 SYSTEMPATH\Boot.php(67): CodeIgniter\Boot::runCodeIgniter(Object(CodeIgniter\CodeIgniter))
 6 FCPATH\index.php(56): CodeIgniter\Boot::bootWeb(Object(Config\Paths))
WARNING - 2025-05-15 11:41:39 --> [DEPRECATED] Creation of dynamic property App\Controllers\StudentSearchController::$ClassModel is deprecated in APPPATH\Controllers\StudentSearchController.php on line 16.
 1 SYSTEMPATH\CodeIgniter.php(903): App\Controllers\StudentSearchController->__construct()
 2 SYSTEMPATH\CodeIgniter.php(498): CodeIgniter\CodeIgniter->createController()
 3 SYSTEMPATH\CodeIgniter.php(354): CodeIgniter\CodeIgniter->handleRequest(null, Object(Config\Cache), false)
 4 SYSTEMPATH\Boot.php(334): CodeIgniter\CodeIgniter->run()
 5 SYSTEMPATH\Boot.php(67): CodeIgniter\Boot::runCodeIgniter(Object(CodeIgniter\CodeIgniter))
 6 FCPATH\index.php(56): CodeIgniter\Boot::bootWeb(Object(Config\Paths))
CRITICAL - 2025-05-15 11:41:39 --> ErrorException: Undefined variable $student_search
[Method: GET, Route: student_search]
in APPPATH\Views\admin\student_search.php on line 38.
 1 APPPATH\Views\admin\student_search.php(38): CodeIgniter\Debug\Exceptions->errorHandler(2, 'Undefined variable $student_search', 'D:\\forphp\\school_manage-master\\app\\Views\\admin\\student_search.php', 38)
 2 SYSTEMPATH\View\View.php(224): include('D:\\forphp\\school_manage-master\\app\\Views\\admin\\student_search.php')
 3 SYSTEMPATH\View\View.php(227): CodeIgniter\View\View->CodeIgniter\View\{closure}()
 4 SYSTEMPATH\Common.php(1173): CodeIgniter\View\View->render('admin/student_search', [], true)
 5 APPPATH\Libraries\Template.php(17): view('admin/student_search', [...])
 6 APPPATH\Controllers\StudentSearchController.php(22): App\Libraries\Template->admin_panel('student_search', [...])
 7 SYSTEMPATH\CodeIgniter.php(933): App\Controllers\StudentSearchController->class_dropdown_search()
 8 SYSTEMPATH\CodeIgniter.php(507): CodeIgniter\CodeIgniter->runController(Object(App\Controllers\StudentSearchController))
 9 SYSTEMPATH\CodeIgniter.php(354): CodeIgniter\CodeIgniter->handleRequest(null, Object(Config\Cache), false)
10 SYSTEMPATH\Boot.php(334): CodeIgniter\CodeIgniter->run()
11 SYSTEMPATH\Boot.php(67): CodeIgniter\Boot::runCodeIgniter(Object(CodeIgniter\CodeIgniter))
12 FCPATH\index.php(56): CodeIgniter\Boot::bootWeb(Object(Config\Paths))
WARNING - 2025-05-15 11:44:57 --> [DEPRECATED] Creation of dynamic property App\Controllers\StudentSearchController::$StudentAdmissionModel is deprecated in APPPATH\Controllers\StudentSearchController.php on line 15.
 1 SYSTEMPATH\CodeIgniter.php(903): App\Controllers\StudentSearchController->__construct()
 2 SYSTEMPATH\CodeIgniter.php(498): CodeIgniter\CodeIgniter->createController()
 3 SYSTEMPATH\CodeIgniter.php(354): CodeIgniter\CodeIgniter->handleRequest(null, Object(Config\Cache), false)
 4 SYSTEMPATH\Boot.php(334): CodeIgniter\CodeIgniter->run()
 5 SYSTEMPATH\Boot.php(67): CodeIgniter\Boot::runCodeIgniter(Object(CodeIgniter\CodeIgniter))
 6 FCPATH\index.php(56): CodeIgniter\Boot::bootWeb(Object(Config\Paths))
WARNING - 2025-05-15 11:44:57 --> [DEPRECATED] Creation of dynamic property App\Controllers\StudentSearchController::$ClassModel is deprecated in APPPATH\Controllers\StudentSearchController.php on line 16.
 1 SYSTEMPATH\CodeIgniter.php(903): App\Controllers\StudentSearchController->__construct()
 2 SYSTEMPATH\CodeIgniter.php(498): CodeIgniter\CodeIgniter->createController()
 3 SYSTEMPATH\CodeIgniter.php(354): CodeIgniter\CodeIgniter->handleRequest(null, Object(Config\Cache), false)
 4 SYSTEMPATH\Boot.php(334): CodeIgniter\CodeIgniter->run()
 5 SYSTEMPATH\Boot.php(67): CodeIgniter\Boot::runCodeIgniter(Object(CodeIgniter\CodeIgniter))
 6 FCPATH\index.php(56): CodeIgniter\Boot::bootWeb(Object(Config\Paths))
WARNING - 2025-05-15 11:48:21 --> [DEPRECATED] Creation of dynamic property App\Controllers\StudentSearchController::$StudentAdmissionModel is deprecated in APPPATH\Controllers\StudentSearchController.php on line 15.
 1 SYSTEMPATH\CodeIgniter.php(903): App\Controllers\StudentSearchController->__construct()
 2 SYSTEMPATH\CodeIgniter.php(498): CodeIgniter\CodeIgniter->createController()
 3 SYSTEMPATH\CodeIgniter.php(354): CodeIgniter\CodeIgniter->handleRequest(null, Object(Config\Cache), false)
 4 SYSTEMPATH\Boot.php(334): CodeIgniter\CodeIgniter->run()
 5 SYSTEMPATH\Boot.php(67): CodeIgniter\Boot::runCodeIgniter(Object(CodeIgniter\CodeIgniter))
 6 FCPATH\index.php(56): CodeIgniter\Boot::bootWeb(Object(Config\Paths))
WARNING - 2025-05-15 11:48:21 --> [DEPRECATED] Creation of dynamic property App\Controllers\StudentSearchController::$ClassModel is deprecated in APPPATH\Controllers\StudentSearchController.php on line 16.
 1 SYSTEMPATH\CodeIgniter.php(903): App\Controllers\StudentSearchController->__construct()
 2 SYSTEMPATH\CodeIgniter.php(498): CodeIgniter\CodeIgniter->createController()
 3 SYSTEMPATH\CodeIgniter.php(354): CodeIgniter\CodeIgniter->handleRequest(null, Object(Config\Cache), false)
 4 SYSTEMPATH\Boot.php(334): CodeIgniter\CodeIgniter->run()
 5 SYSTEMPATH\Boot.php(67): CodeIgniter\Boot::runCodeIgniter(Object(CodeIgniter\CodeIgniter))
 6 FCPATH\index.php(56): CodeIgniter\Boot::bootWeb(Object(Config\Paths))
WARNING - 2025-05-15 11:49:13 --> [DEPRECATED] Creation of dynamic property App\Controllers\StudentSearchController::$StudentAdmissionModel is deprecated in APPPATH\Controllers\StudentSearchController.php on line 15.
 1 SYSTEMPATH\CodeIgniter.php(903): App\Controllers\StudentSearchController->__construct()
 2 SYSTEMPATH\CodeIgniter.php(498): CodeIgniter\CodeIgniter->createController()
 3 SYSTEMPATH\CodeIgniter.php(354): CodeIgniter\CodeIgniter->handleRequest(null, Object(Config\Cache), false)
 4 SYSTEMPATH\Boot.php(334): CodeIgniter\CodeIgniter->run()
 5 SYSTEMPATH\Boot.php(67): CodeIgniter\Boot::runCodeIgniter(Object(CodeIgniter\CodeIgniter))
 6 FCPATH\index.php(56): CodeIgniter\Boot::bootWeb(Object(Config\Paths))
WARNING - 2025-05-15 11:49:13 --> [DEPRECATED] Creation of dynamic property App\Controllers\StudentSearchController::$ClassModel is deprecated in APPPATH\Controllers\StudentSearchController.php on line 16.
 1 SYSTEMPATH\CodeIgniter.php(903): App\Controllers\StudentSearchController->__construct()
 2 SYSTEMPATH\CodeIgniter.php(498): CodeIgniter\CodeIgniter->createController()
 3 SYSTEMPATH\CodeIgniter.php(354): CodeIgniter\CodeIgniter->handleRequest(null, Object(Config\Cache), false)
 4 SYSTEMPATH\Boot.php(334): CodeIgniter\CodeIgniter->run()
 5 SYSTEMPATH\Boot.php(67): CodeIgniter\Boot::runCodeIgniter(Object(CodeIgniter\CodeIgniter))
 6 FCPATH\index.php(56): CodeIgniter\Boot::bootWeb(Object(Config\Paths))
WARNING - 2025-05-15 11:49:25 --> [DEPRECATED] Creation of dynamic property App\Controllers\StudentSearchController::$StudentAdmissionModel is deprecated in APPPATH\Controllers\StudentSearchController.php on line 15.
 1 SYSTEMPATH\CodeIgniter.php(903): App\Controllers\StudentSearchController->__construct()
 2 SYSTEMPATH\CodeIgniter.php(498): CodeIgniter\CodeIgniter->createController()
 3 SYSTEMPATH\CodeIgniter.php(354): CodeIgniter\CodeIgniter->handleRequest(null, Object(Config\Cache), false)
 4 SYSTEMPATH\Boot.php(334): CodeIgniter\CodeIgniter->run()
 5 SYSTEMPATH\Boot.php(67): CodeIgniter\Boot::runCodeIgniter(Object(CodeIgniter\CodeIgniter))
 6 FCPATH\index.php(56): CodeIgniter\Boot::bootWeb(Object(Config\Paths))
WARNING - 2025-05-15 11:49:25 --> [DEPRECATED] Creation of dynamic property App\Controllers\StudentSearchController::$ClassModel is deprecated in APPPATH\Controllers\StudentSearchController.php on line 16.
 1 SYSTEMPATH\CodeIgniter.php(903): App\Controllers\StudentSearchController->__construct()
 2 SYSTEMPATH\CodeIgniter.php(498): CodeIgniter\CodeIgniter->createController()
 3 SYSTEMPATH\CodeIgniter.php(354): CodeIgniter\CodeIgniter->handleRequest(null, Object(Config\Cache), false)
 4 SYSTEMPATH\Boot.php(334): CodeIgniter\CodeIgniter->run()
 5 SYSTEMPATH\Boot.php(67): CodeIgniter\Boot::runCodeIgniter(Object(CodeIgniter\CodeIgniter))
 6 FCPATH\index.php(56): CodeIgniter\Boot::bootWeb(Object(Config\Paths))
WARNING - 2025-05-15 11:51:25 --> [DEPRECATED] Creation of dynamic property App\Controllers\StudentSearchController::$StudentAdmissionModel is deprecated in APPPATH\Controllers\StudentSearchController.php on line 15.
 1 SYSTEMPATH\CodeIgniter.php(903): App\Controllers\StudentSearchController->__construct()
 2 SYSTEMPATH\CodeIgniter.php(498): CodeIgniter\CodeIgniter->createController()
 3 SYSTEMPATH\CodeIgniter.php(354): CodeIgniter\CodeIgniter->handleRequest(null, Object(Config\Cache), false)
 4 SYSTEMPATH\Boot.php(334): CodeIgniter\CodeIgniter->run()
 5 SYSTEMPATH\Boot.php(67): CodeIgniter\Boot::runCodeIgniter(Object(CodeIgniter\CodeIgniter))
 6 FCPATH\index.php(56): CodeIgniter\Boot::bootWeb(Object(Config\Paths))
WARNING - 2025-05-15 11:51:25 --> [DEPRECATED] Creation of dynamic property App\Controllers\StudentSearchController::$ClassModel is deprecated in APPPATH\Controllers\StudentSearchController.php on line 16.
 1 SYSTEMPATH\CodeIgniter.php(903): App\Controllers\StudentSearchController->__construct()
 2 SYSTEMPATH\CodeIgniter.php(498): CodeIgniter\CodeIgniter->createController()
 3 SYSTEMPATH\CodeIgniter.php(354): CodeIgniter\CodeIgniter->handleRequest(null, Object(Config\Cache), false)
 4 SYSTEMPATH\Boot.php(334): CodeIgniter\CodeIgniter->run()
 5 SYSTEMPATH\Boot.php(67): CodeIgniter\Boot::runCodeIgniter(Object(CodeIgniter\CodeIgniter))
 6 FCPATH\index.php(56): CodeIgniter\Boot::bootWeb(Object(Config\Paths))
WARNING - 2025-05-15 11:51:49 --> [DEPRECATED] Creation of dynamic property App\Controllers\StudentSearchController::$StudentAdmissionModel is deprecated in APPPATH\Controllers\StudentSearchController.php on line 15.
 1 SYSTEMPATH\CodeIgniter.php(903): App\Controllers\StudentSearchController->__construct()
 2 SYSTEMPATH\CodeIgniter.php(498): CodeIgniter\CodeIgniter->createController()
 3 SYSTEMPATH\CodeIgniter.php(354): CodeIgniter\CodeIgniter->handleRequest(null, Object(Config\Cache), false)
 4 SYSTEMPATH\Boot.php(334): CodeIgniter\CodeIgniter->run()
 5 SYSTEMPATH\Boot.php(67): CodeIgniter\Boot::runCodeIgniter(Object(CodeIgniter\CodeIgniter))
 6 FCPATH\index.php(56): CodeIgniter\Boot::bootWeb(Object(Config\Paths))
WARNING - 2025-05-15 11:51:49 --> [DEPRECATED] Creation of dynamic property App\Controllers\StudentSearchController::$ClassModel is deprecated in APPPATH\Controllers\StudentSearchController.php on line 16.
 1 SYSTEMPATH\CodeIgniter.php(903): App\Controllers\StudentSearchController->__construct()
 2 SYSTEMPATH\CodeIgniter.php(498): CodeIgniter\CodeIgniter->createController()
 3 SYSTEMPATH\CodeIgniter.php(354): CodeIgniter\CodeIgniter->handleRequest(null, Object(Config\Cache), false)
 4 SYSTEMPATH\Boot.php(334): CodeIgniter\CodeIgniter->run()
 5 SYSTEMPATH\Boot.php(67): CodeIgniter\Boot::runCodeIgniter(Object(CodeIgniter\CodeIgniter))
 6 FCPATH\index.php(56): CodeIgniter\Boot::bootWeb(Object(Config\Paths))
WARNING - 2025-05-15 11:53:20 --> [DEPRECATED] Creation of dynamic property App\Controllers\StudentSearchController::$StudentAdmissionModel is deprecated in APPPATH\Controllers\StudentSearchController.php on line 15.
 1 SYSTEMPATH\CodeIgniter.php(903): App\Controllers\StudentSearchController->__construct()
 2 SYSTEMPATH\CodeIgniter.php(498): CodeIgniter\CodeIgniter->createController()
 3 SYSTEMPATH\CodeIgniter.php(354): CodeIgniter\CodeIgniter->handleRequest(null, Object(Config\Cache), false)
 4 SYSTEMPATH\Boot.php(334): CodeIgniter\CodeIgniter->run()
 5 SYSTEMPATH\Boot.php(67): CodeIgniter\Boot::runCodeIgniter(Object(CodeIgniter\CodeIgniter))
 6 FCPATH\index.php(56): CodeIgniter\Boot::bootWeb(Object(Config\Paths))
WARNING - 2025-05-15 11:53:20 --> [DEPRECATED] Creation of dynamic property App\Controllers\StudentSearchController::$ClassModel is deprecated in APPPATH\Controllers\StudentSearchController.php on line 16.
 1 SYSTEMPATH\CodeIgniter.php(903): App\Controllers\StudentSearchController->__construct()
 2 SYSTEMPATH\CodeIgniter.php(498): CodeIgniter\CodeIgniter->createController()
 3 SYSTEMPATH\CodeIgniter.php(354): CodeIgniter\CodeIgniter->handleRequest(null, Object(Config\Cache), false)
 4 SYSTEMPATH\Boot.php(334): CodeIgniter\CodeIgniter->run()
 5 SYSTEMPATH\Boot.php(67): CodeIgniter\Boot::runCodeIgniter(Object(CodeIgniter\CodeIgniter))
 6 FCPATH\index.php(56): CodeIgniter\Boot::bootWeb(Object(Config\Paths))
WARNING - 2025-05-15 11:54:04 --> [DEPRECATED] Creation of dynamic property App\Controllers\StudentSearchController::$StudentAdmissionModel is deprecated in APPPATH\Controllers\StudentSearchController.php on line 15.
 1 SYSTEMPATH\CodeIgniter.php(903): App\Controllers\StudentSearchController->__construct()
 2 SYSTEMPATH\CodeIgniter.php(498): CodeIgniter\CodeIgniter->createController()
 3 SYSTEMPATH\CodeIgniter.php(354): CodeIgniter\CodeIgniter->handleRequest(null, Object(Config\Cache), false)
 4 SYSTEMPATH\Boot.php(334): CodeIgniter\CodeIgniter->run()
 5 SYSTEMPATH\Boot.php(67): CodeIgniter\Boot::runCodeIgniter(Object(CodeIgniter\CodeIgniter))
 6 FCPATH\index.php(56): CodeIgniter\Boot::bootWeb(Object(Config\Paths))
WARNING - 2025-05-15 11:54:04 --> [DEPRECATED] Creation of dynamic property App\Controllers\StudentSearchController::$ClassModel is deprecated in APPPATH\Controllers\StudentSearchController.php on line 16.
 1 SYSTEMPATH\CodeIgniter.php(903): App\Controllers\StudentSearchController->__construct()
 2 SYSTEMPATH\CodeIgniter.php(498): CodeIgniter\CodeIgniter->createController()
 3 SYSTEMPATH\CodeIgniter.php(354): CodeIgniter\CodeIgniter->handleRequest(null, Object(Config\Cache), false)
 4 SYSTEMPATH\Boot.php(334): CodeIgniter\CodeIgniter->run()
 5 SYSTEMPATH\Boot.php(67): CodeIgniter\Boot::runCodeIgniter(Object(CodeIgniter\CodeIgniter))
 6 FCPATH\index.php(56): CodeIgniter\Boot::bootWeb(Object(Config\Paths))
CRITICAL - 2025-05-15 11:54:04 --> ErrorException: Undefined variable $all_class
[Method: GET, Route: student_search]
in APPPATH\Views\admin\student_search.php on line 15.
 1 APPPATH\Views\admin\student_search.php(15): CodeIgniter\Debug\Exceptions->errorHandler(2, 'Undefined variable $all_class', 'D:\\forphp\\school_manage-master\\app\\Views\\admin\\student_search.php', 15)
 2 SYSTEMPATH\View\View.php(224): include('D:\\forphp\\school_manage-master\\app\\Views\\admin\\student_search.php')
 3 SYSTEMPATH\View\View.php(227): CodeIgniter\View\View->CodeIgniter\View\{closure}()
 4 SYSTEMPATH\Common.php(1173): CodeIgniter\View\View->render('admin/student_search', [], true)
 5 APPPATH\Libraries\Template.php(17): view('admin/student_search', [...])
 6 APPPATH\Controllers\StudentSearchController.php(22): App\Libraries\Template->admin_panel('student_search', [...])
 7 SYSTEMPATH\CodeIgniter.php(933): App\Controllers\StudentSearchController->class_dropdown_search()
 8 SYSTEMPATH\CodeIgniter.php(507): CodeIgniter\CodeIgniter->runController(Object(App\Controllers\StudentSearchController))
 9 SYSTEMPATH\CodeIgniter.php(354): CodeIgniter\CodeIgniter->handleRequest(null, Object(Config\Cache), false)
10 SYSTEMPATH\Boot.php(334): CodeIgniter\CodeIgniter->run()
11 SYSTEMPATH\Boot.php(67): CodeIgniter\Boot::runCodeIgniter(Object(CodeIgniter\CodeIgniter))
12 FCPATH\index.php(56): CodeIgniter\Boot::bootWeb(Object(Config\Paths))
WARNING - 2025-05-15 11:54:50 --> [DEPRECATED] Creation of dynamic property App\Controllers\StudentSearchController::$StudentAdmissionModel is deprecated in APPPATH\Controllers\StudentSearchController.php on line 15.
 1 SYSTEMPATH\CodeIgniter.php(903): App\Controllers\StudentSearchController->__construct()
 2 SYSTEMPATH\CodeIgniter.php(498): CodeIgniter\CodeIgniter->createController()
 3 SYSTEMPATH\CodeIgniter.php(354): CodeIgniter\CodeIgniter->handleRequest(null, Object(Config\Cache), false)
 4 SYSTEMPATH\Boot.php(334): CodeIgniter\CodeIgniter->run()
 5 SYSTEMPATH\Boot.php(67): CodeIgniter\Boot::runCodeIgniter(Object(CodeIgniter\CodeIgniter))
 6 FCPATH\index.php(56): CodeIgniter\Boot::bootWeb(Object(Config\Paths))
WARNING - 2025-05-15 11:54:50 --> [DEPRECATED] Creation of dynamic property App\Controllers\StudentSearchController::$ClassModel is deprecated in APPPATH\Controllers\StudentSearchController.php on line 16.
 1 SYSTEMPATH\CodeIgniter.php(903): App\Controllers\StudentSearchController->__construct()
 2 SYSTEMPATH\CodeIgniter.php(498): CodeIgniter\CodeIgniter->createController()
 3 SYSTEMPATH\CodeIgniter.php(354): CodeIgniter\CodeIgniter->handleRequest(null, Object(Config\Cache), false)
 4 SYSTEMPATH\Boot.php(334): CodeIgniter\CodeIgniter->run()
 5 SYSTEMPATH\Boot.php(67): CodeIgniter\Boot::runCodeIgniter(Object(CodeIgniter\CodeIgniter))
 6 FCPATH\index.php(56): CodeIgniter\Boot::bootWeb(Object(Config\Paths))
WARNING - 2025-05-15 11:56:16 --> [DEPRECATED] Creation of dynamic property App\Controllers\StudentSearchController::$StudentAdmissionModel is deprecated in APPPATH\Controllers\StudentSearchController.php on line 15.
 1 SYSTEMPATH\CodeIgniter.php(903): App\Controllers\StudentSearchController->__construct()
 2 SYSTEMPATH\CodeIgniter.php(498): CodeIgniter\CodeIgniter->createController()
 3 SYSTEMPATH\CodeIgniter.php(354): CodeIgniter\CodeIgniter->handleRequest(null, Object(Config\Cache), false)
 4 SYSTEMPATH\Boot.php(334): CodeIgniter\CodeIgniter->run()
 5 SYSTEMPATH\Boot.php(67): CodeIgniter\Boot::runCodeIgniter(Object(CodeIgniter\CodeIgniter))
 6 FCPATH\index.php(56): CodeIgniter\Boot::bootWeb(Object(Config\Paths))
WARNING - 2025-05-15 11:56:16 --> [DEPRECATED] Creation of dynamic property App\Controllers\StudentSearchController::$ClassModel is deprecated in APPPATH\Controllers\StudentSearchController.php on line 16.
 1 SYSTEMPATH\CodeIgniter.php(903): App\Controllers\StudentSearchController->__construct()
 2 SYSTEMPATH\CodeIgniter.php(498): CodeIgniter\CodeIgniter->createController()
 3 SYSTEMPATH\CodeIgniter.php(354): CodeIgniter\CodeIgniter->handleRequest(null, Object(Config\Cache), false)
 4 SYSTEMPATH\Boot.php(334): CodeIgniter\CodeIgniter->run()
 5 SYSTEMPATH\Boot.php(67): CodeIgniter\Boot::runCodeIgniter(Object(CodeIgniter\CodeIgniter))
 6 FCPATH\index.php(56): CodeIgniter\Boot::bootWeb(Object(Config\Paths))
WARNING - 2025-05-15 11:57:09 --> [DEPRECATED] Creation of dynamic property App\Controllers\StudentSearchController::$StudentAdmissionModel is deprecated in APPPATH\Controllers\StudentSearchController.php on line 15.
 1 SYSTEMPATH\CodeIgniter.php(903): App\Controllers\StudentSearchController->__construct()
 2 SYSTEMPATH\CodeIgniter.php(498): CodeIgniter\CodeIgniter->createController()
 3 SYSTEMPATH\CodeIgniter.php(354): CodeIgniter\CodeIgniter->handleRequest(null, Object(Config\Cache), false)
 4 SYSTEMPATH\Boot.php(334): CodeIgniter\CodeIgniter->run()
 5 SYSTEMPATH\Boot.php(67): CodeIgniter\Boot::runCodeIgniter(Object(CodeIgniter\CodeIgniter))
 6 FCPATH\index.php(56): CodeIgniter\Boot::bootWeb(Object(Config\Paths))
WARNING - 2025-05-15 11:57:09 --> [DEPRECATED] Creation of dynamic property App\Controllers\StudentSearchController::$ClassModel is deprecated in APPPATH\Controllers\StudentSearchController.php on line 16.
 1 SYSTEMPATH\CodeIgniter.php(903): App\Controllers\StudentSearchController->__construct()
 2 SYSTEMPATH\CodeIgniter.php(498): CodeIgniter\CodeIgniter->createController()
 3 SYSTEMPATH\CodeIgniter.php(354): CodeIgniter\CodeIgniter->handleRequest(null, Object(Config\Cache), false)
 4 SYSTEMPATH\Boot.php(334): CodeIgniter\CodeIgniter->run()
 5 SYSTEMPATH\Boot.php(67): CodeIgniter\Boot::runCodeIgniter(Object(CodeIgniter\CodeIgniter))
 6 FCPATH\index.php(56): CodeIgniter\Boot::bootWeb(Object(Config\Paths))
WARNING - 2025-05-15 11:58:03 --> [DEPRECATED] Creation of dynamic property App\Controllers\StudentSearchController::$StudentAdmissionModel is deprecated in APPPATH\Controllers\StudentSearchController.php on line 15.
 1 SYSTEMPATH\CodeIgniter.php(903): App\Controllers\StudentSearchController->__construct()
 2 SYSTEMPATH\CodeIgniter.php(498): CodeIgniter\CodeIgniter->createController()
 3 SYSTEMPATH\CodeIgniter.php(354): CodeIgniter\CodeIgniter->handleRequest(null, Object(Config\Cache), false)
 4 SYSTEMPATH\Boot.php(334): CodeIgniter\CodeIgniter->run()
 5 SYSTEMPATH\Boot.php(67): CodeIgniter\Boot::runCodeIgniter(Object(CodeIgniter\CodeIgniter))
 6 FCPATH\index.php(56): CodeIgniter\Boot::bootWeb(Object(Config\Paths))
WARNING - 2025-05-15 11:58:03 --> [DEPRECATED] Creation of dynamic property App\Controllers\StudentSearchController::$ClassModel is deprecated in APPPATH\Controllers\StudentSearchController.php on line 16.
 1 SYSTEMPATH\CodeIgniter.php(903): App\Controllers\StudentSearchController->__construct()
 2 SYSTEMPATH\CodeIgniter.php(498): CodeIgniter\CodeIgniter->createController()
 3 SYSTEMPATH\CodeIgniter.php(354): CodeIgniter\CodeIgniter->handleRequest(null, Object(Config\Cache), false)
 4 SYSTEMPATH\Boot.php(334): CodeIgniter\CodeIgniter->run()
 5 SYSTEMPATH\Boot.php(67): CodeIgniter\Boot::runCodeIgniter(Object(CodeIgniter\CodeIgniter))
 6 FCPATH\index.php(56): CodeIgniter\Boot::bootWeb(Object(Config\Paths))
WARNING - 2025-05-15 11:58:48 --> [DEPRECATED] Creation of dynamic property App\Controllers\StudentSearchController::$StudentAdmissionModel is deprecated in APPPATH\Controllers\StudentSearchController.php on line 15.
 1 SYSTEMPATH\CodeIgniter.php(903): App\Controllers\StudentSearchController->__construct()
 2 SYSTEMPATH\CodeIgniter.php(498): CodeIgniter\CodeIgniter->createController()
 3 SYSTEMPATH\CodeIgniter.php(354): CodeIgniter\CodeIgniter->handleRequest(null, Object(Config\Cache), false)
 4 SYSTEMPATH\Boot.php(334): CodeIgniter\CodeIgniter->run()
 5 SYSTEMPATH\Boot.php(67): CodeIgniter\Boot::runCodeIgniter(Object(CodeIgniter\CodeIgniter))
 6 FCPATH\index.php(56): CodeIgniter\Boot::bootWeb(Object(Config\Paths))
WARNING - 2025-05-15 11:58:48 --> [DEPRECATED] Creation of dynamic property App\Controllers\StudentSearchController::$ClassModel is deprecated in APPPATH\Controllers\StudentSearchController.php on line 16.
 1 SYSTEMPATH\CodeIgniter.php(903): App\Controllers\StudentSearchController->__construct()
 2 SYSTEMPATH\CodeIgniter.php(498): CodeIgniter\CodeIgniter->createController()
 3 SYSTEMPATH\CodeIgniter.php(354): CodeIgniter\CodeIgniter->handleRequest(null, Object(Config\Cache), false)
 4 SYSTEMPATH\Boot.php(334): CodeIgniter\CodeIgniter->run()
 5 SYSTEMPATH\Boot.php(67): CodeIgniter\Boot::runCodeIgniter(Object(CodeIgniter\CodeIgniter))
 6 FCPATH\index.php(56): CodeIgniter\Boot::bootWeb(Object(Config\Paths))
WARNING - 2025-05-15 11:59:01 --> [DEPRECATED] Creation of dynamic property App\Controllers\StudentSearchController::$StudentAdmissionModel is deprecated in APPPATH\Controllers\StudentSearchController.php on line 15.
 1 SYSTEMPATH\CodeIgniter.php(903): App\Controllers\StudentSearchController->__construct()
 2 SYSTEMPATH\CodeIgniter.php(498): CodeIgniter\CodeIgniter->createController()
 3 SYSTEMPATH\CodeIgniter.php(354): CodeIgniter\CodeIgniter->handleRequest(null, Object(Config\Cache), false)
 4 SYSTEMPATH\Boot.php(334): CodeIgniter\CodeIgniter->run()
 5 SYSTEMPATH\Boot.php(67): CodeIgniter\Boot::runCodeIgniter(Object(CodeIgniter\CodeIgniter))
 6 FCPATH\index.php(56): CodeIgniter\Boot::bootWeb(Object(Config\Paths))
WARNING - 2025-05-15 11:59:01 --> [DEPRECATED] Creation of dynamic property App\Controllers\StudentSearchController::$ClassModel is deprecated in APPPATH\Controllers\StudentSearchController.php on line 16.
 1 SYSTEMPATH\CodeIgniter.php(903): App\Controllers\StudentSearchController->__construct()
 2 SYSTEMPATH\CodeIgniter.php(498): CodeIgniter\CodeIgniter->createController()
 3 SYSTEMPATH\CodeIgniter.php(354): CodeIgniter\CodeIgniter->handleRequest(null, Object(Config\Cache), false)
 4 SYSTEMPATH\Boot.php(334): CodeIgniter\CodeIgniter->run()
 5 SYSTEMPATH\Boot.php(67): CodeIgniter\Boot::runCodeIgniter(Object(CodeIgniter\CodeIgniter))
 6 FCPATH\index.php(56): CodeIgniter\Boot::bootWeb(Object(Config\Paths))
WARNING - 2025-05-15 11:59:35 --> [DEPRECATED] Creation of dynamic property App\Controllers\StudentSearchController::$StudentAdmissionModel is deprecated in APPPATH\Controllers\StudentSearchController.php on line 15.
 1 SYSTEMPATH\CodeIgniter.php(903): App\Controllers\StudentSearchController->__construct()
 2 SYSTEMPATH\CodeIgniter.php(498): CodeIgniter\CodeIgniter->createController()
 3 SYSTEMPATH\CodeIgniter.php(354): CodeIgniter\CodeIgniter->handleRequest(null, Object(Config\Cache), false)
 4 SYSTEMPATH\Boot.php(334): CodeIgniter\CodeIgniter->run()
 5 SYSTEMPATH\Boot.php(67): CodeIgniter\Boot::runCodeIgniter(Object(CodeIgniter\CodeIgniter))
 6 FCPATH\index.php(56): CodeIgniter\Boot::bootWeb(Object(Config\Paths))
WARNING - 2025-05-15 11:59:35 --> [DEPRECATED] Creation of dynamic property App\Controllers\StudentSearchController::$ClassModel is deprecated in APPPATH\Controllers\StudentSearchController.php on line 16.
 1 SYSTEMPATH\CodeIgniter.php(903): App\Controllers\StudentSearchController->__construct()
 2 SYSTEMPATH\CodeIgniter.php(498): CodeIgniter\CodeIgniter->createController()
 3 SYSTEMPATH\CodeIgniter.php(354): CodeIgniter\CodeIgniter->handleRequest(null, Object(Config\Cache), false)
 4 SYSTEMPATH\Boot.php(334): CodeIgniter\CodeIgniter->run()
 5 SYSTEMPATH\Boot.php(67): CodeIgniter\Boot::runCodeIgniter(Object(CodeIgniter\CodeIgniter))
 6 FCPATH\index.php(56): CodeIgniter\Boot::bootWeb(Object(Config\Paths))
WARNING - 2025-05-15 12:00:06 --> [DEPRECATED] Creation of dynamic property App\Controllers\StudentSearchController::$StudentAdmissionModel is deprecated in APPPATH\Controllers\StudentSearchController.php on line 15.
 1 SYSTEMPATH\CodeIgniter.php(903): App\Controllers\StudentSearchController->__construct()
 2 SYSTEMPATH\CodeIgniter.php(498): CodeIgniter\CodeIgniter->createController()
 3 SYSTEMPATH\CodeIgniter.php(354): CodeIgniter\CodeIgniter->handleRequest(null, Object(Config\Cache), false)
 4 SYSTEMPATH\Boot.php(334): CodeIgniter\CodeIgniter->run()
 5 SYSTEMPATH\Boot.php(67): CodeIgniter\Boot::runCodeIgniter(Object(CodeIgniter\CodeIgniter))
 6 FCPATH\index.php(56): CodeIgniter\Boot::bootWeb(Object(Config\Paths))
WARNING - 2025-05-15 12:00:06 --> [DEPRECATED] Creation of dynamic property App\Controllers\StudentSearchController::$ClassModel is deprecated in APPPATH\Controllers\StudentSearchController.php on line 16.
 1 SYSTEMPATH\CodeIgniter.php(903): App\Controllers\StudentSearchController->__construct()
 2 SYSTEMPATH\CodeIgniter.php(498): CodeIgniter\CodeIgniter->createController()
 3 SYSTEMPATH\CodeIgniter.php(354): CodeIgniter\CodeIgniter->handleRequest(null, Object(Config\Cache), false)
 4 SYSTEMPATH\Boot.php(334): CodeIgniter\CodeIgniter->run()
 5 SYSTEMPATH\Boot.php(67): CodeIgniter\Boot::runCodeIgniter(Object(CodeIgniter\CodeIgniter))
 6 FCPATH\index.php(56): CodeIgniter\Boot::bootWeb(Object(Config\Paths))
WARNING - 2025-05-15 12:00:20 --> [DEPRECATED] Creation of dynamic property App\Controllers\StudentSearchController::$StudentAdmissionModel is deprecated in APPPATH\Controllers\StudentSearchController.php on line 15.
 1 SYSTEMPATH\CodeIgniter.php(903): App\Controllers\StudentSearchController->__construct()
 2 SYSTEMPATH\CodeIgniter.php(498): CodeIgniter\CodeIgniter->createController()
 3 SYSTEMPATH\CodeIgniter.php(354): CodeIgniter\CodeIgniter->handleRequest(null, Object(Config\Cache), false)
 4 SYSTEMPATH\Boot.php(334): CodeIgniter\CodeIgniter->run()
 5 SYSTEMPATH\Boot.php(67): CodeIgniter\Boot::runCodeIgniter(Object(CodeIgniter\CodeIgniter))
 6 FCPATH\index.php(56): CodeIgniter\Boot::bootWeb(Object(Config\Paths))
WARNING - 2025-05-15 12:00:20 --> [DEPRECATED] Creation of dynamic property App\Controllers\StudentSearchController::$ClassModel is deprecated in APPPATH\Controllers\StudentSearchController.php on line 16.
 1 SYSTEMPATH\CodeIgniter.php(903): App\Controllers\StudentSearchController->__construct()
 2 SYSTEMPATH\CodeIgniter.php(498): CodeIgniter\CodeIgniter->createController()
 3 SYSTEMPATH\CodeIgniter.php(354): CodeIgniter\CodeIgniter->handleRequest(null, Object(Config\Cache), false)
 4 SYSTEMPATH\Boot.php(334): CodeIgniter\CodeIgniter->run()
 5 SYSTEMPATH\Boot.php(67): CodeIgniter\Boot::runCodeIgniter(Object(CodeIgniter\CodeIgniter))
 6 FCPATH\index.php(56): CodeIgniter\Boot::bootWeb(Object(Config\Paths))
WARNING - 2025-05-15 16:17:29 --> [DEPRECATED] Creation of dynamic property App\Controllers\StudentSearchController::$StudentAdmissionModel is deprecated in APPPATH\Controllers\StudentSearchController.php on line 15.
 1 SYSTEMPATH\CodeIgniter.php(903): App\Controllers\StudentSearchController->__construct()
 2 SYSTEMPATH\CodeIgniter.php(498): CodeIgniter\CodeIgniter->createController()
 3 SYSTEMPATH\CodeIgniter.php(354): CodeIgniter\CodeIgniter->handleRequest(null, Object(Config\Cache), false)
 4 SYSTEMPATH\Boot.php(334): CodeIgniter\CodeIgniter->run()
 5 SYSTEMPATH\Boot.php(67): CodeIgniter\Boot::runCodeIgniter(Object(CodeIgniter\CodeIgniter))
 6 FCPATH\index.php(56): CodeIgniter\Boot::bootWeb(Object(Config\Paths))
WARNING - 2025-05-15 16:17:29 --> [DEPRECATED] Creation of dynamic property App\Controllers\StudentSearchController::$ClassModel is deprecated in APPPATH\Controllers\StudentSearchController.php on line 16.
 1 SYSTEMPATH\CodeIgniter.php(903): App\Controllers\StudentSearchController->__construct()
 2 SYSTEMPATH\CodeIgniter.php(498): CodeIgniter\CodeIgniter->createController()
 3 SYSTEMPATH\CodeIgniter.php(354): CodeIgniter\CodeIgniter->handleRequest(null, Object(Config\Cache), false)
 4 SYSTEMPATH\Boot.php(334): CodeIgniter\CodeIgniter->run()
 5 SYSTEMPATH\Boot.php(67): CodeIgniter\Boot::runCodeIgniter(Object(CodeIgniter\CodeIgniter))
 6 FCPATH\index.php(56): CodeIgniter\Boot::bootWeb(Object(Config\Paths))
